支店名,支店詳細URL,住所,電話番号
札幌支店,https://maps.tr.mufg.jp/b/tr_mufg_s/info/3100/?list=all,〒060-0004北海道札幌市中央区北4条西4－1(札幌駅南口・地下鉄さっぽろ駅8番出口・札幌国際ビル),011-261-1211
仙台支店,https://maps.tr.mufg.jp/b/tr_mufg_s/info/3400/?list=all,〒980-0811宮城県仙台市青葉区一番町3-1-5(青葉通り・藤崎東並び）,022-262-8111
大宮支店,https://maps.tr.mufg.jp/b/tr_mufg_s/info/3460/?list=all,〒330-0846埼玉県さいたま市大宮区大門町2丁目90番地(高島屋並び・中央通り沿い),048-643-5261
浦和支店,https://maps.tr.mufg.jp/b/tr_mufg_s/info/4700/?list=all,〒330-0062埼玉県さいたま市浦和区仲町1-6-7(アイル浦和ビルディング),048-829-2761
千葉支店,https://maps.tr.mufg.jp/b/tr_mufg_s/info/4600/?list=all,〒260-0013千葉県千葉市中央区中央3-2-1（千葉モノレール葭川（よしかわ）公園駅そば）,043-224-4111
船橋支店,https://maps.tr.mufg.jp/b/tr_mufg_s/info/3560/?list=all,〒273-0005千葉県船橋市本町1-3-1(ＪＲ船橋駅南口・船橋フェイスビル),047-424-2705
津田沼支店,https://maps.tr.mufg.jp/b/tr_mufg_s/info/3700/?list=all,〒273-0005千葉県船橋市本町1-3-1(ＪＲ船橋駅南口・船橋フェイスビル),047-460-6335
市川八幡支店,https://maps.tr.mufg.jp/b/tr_mufg_s/info/3900/?list=all,〒273-0005千葉県船橋市本町1-3-1(ＪＲ船橋駅南口・船橋フェイスビル),047-426-8220
柏支店,https://maps.tr.mufg.jp/b/tr_mufg_s/info/3600/?list=all,〒277-0842千葉県柏市末広町7-3(柏駅西口（高島屋側）スグ前),04-7145-1121
本店,https://maps.tr.mufg.jp/b/tr_mufg_s/info/1100/?list=all,〒100-8212東京都千代田区丸の内1-4-5(三菱UFJ信託銀行本店ビル),03-3212-1211
東京第１支店,https://maps.tr.mufg.jp/b/tr_mufg_s/info/6510/?list=all,〒100-8212東京都千代田区丸の内1-4-5(三菱UFJ信託銀行本店ビル),03-3212-1321
東京第２支店,https://maps.tr.mufg.jp/b/tr_mufg_s/info/7300/?list=all,〒100-8212東京都千代田区丸の内1-4-5(三菱UFJ信託銀行本店ビル),03-3212-3201
東京第３支店,https://maps.tr.mufg.jp/b/tr_mufg_s/info/6760/?list=all,〒100-8212東京都千代田区丸の内1-4-5(三菱UFJ信託銀行本店ビル),03-3212-3202
東京第４支店,https://maps.tr.mufg.jp/b/tr_mufg_s/info/5400/?list=all,〒100-8212東京都千代田区丸の内1-4-5(三菱UFJ信託銀行本店ビル),03-3212-3203
東京第５支店,https://maps.tr.mufg.jp/b/tr_mufg_s/info/5300/?list=all,〒100-8212東京都千代田区丸の内1-4-5(三菱UFJ信託銀行本店ビル),03-3212-3204
東京第６支店,https://maps.tr.mufg.jp/b/tr_mufg_s/info/8300/?list=all,〒100-8212東京都千代田区丸の内1-4-5(三菱UFJ信託銀行本店ビル),03-3201-5622
日本橋支店,https://maps.tr.mufg.jp/b/tr_mufg_s/info/2200/?list=all,〒103-0027東京都中央区日本橋3-3-9(地下鉄日本橋駅B3出口・高島屋筋向い京橋方面へ ),03-3271-1481
新宿支店,https://maps.tr.mufg.jp/b/tr_mufg_s/info/1900/?list=all,〒160-0023東京都新宿区西新宿1-17-1(京王百貨店向い・日本生命新宿西口ビル),03-3342-6401
上野支店,https://maps.tr.mufg.jp/b/tr_mufg_s/info/1400/?list=all,〒110-0005東京都台東区上野3-23-6(JR御徒町駅下車・松坂屋/上野フロンティアタワー南側),03-3831-0116
千住支店,https://maps.tr.mufg.jp/b/tr_mufg_s/info/1800/?list=all,〒110-0005東京都台東区上野3-23-6(JR御徒町駅下車・松坂屋/上野フロンティアタワー南側),03-3831-0160
自由が丘支店,https://maps.tr.mufg.jp/b/tr_mufg_s/info/1700/?list=all,〒152-0035東京都目黒区自由が丘2-10-22(自由が丘駅前・蜂の家右入る),03-3718-5111
成城支店,https://maps.tr.mufg.jp/b/tr_mufg_s/info/3200/?list=all,〒157-0066東京都世田谷区成城6-14-8(成城学園前駅北口),03-3482-0711
渋谷支店,https://maps.tr.mufg.jp/b/tr_mufg_s/info/2600/?list=all,〒150-0002東京都渋谷区渋谷2-19-12(宮益坂入口）,03-3400-3131
五反田支店,https://maps.tr.mufg.jp/b/tr_mufg_s/info/2700/?list=all,〒150-0002東京都渋谷区渋谷2-19-12(宮益坂入口),03-3400-3344
中野支店,https://maps.tr.mufg.jp/b/tr_mufg_s/info/2900/?list=all,〒164-0001東京都中野区中野3-36-16(中野駅南口前),03-3383-2711
池袋支店,https://maps.tr.mufg.jp/b/tr_mufg_s/info/1500/?list=all,〒171-0021東京都豊島区西池袋1-14-2(駅西口東武百貨店前目白寄り),03-3984-8211
立川支店,https://maps.tr.mufg.jp/b/tr_mufg_s/info/4400/?list=all,〒190-0012東京都立川市曙町2-39-3(高島屋立川店1階),042-524-1481
吉祥寺支店,https://maps.tr.mufg.jp/b/tr_mufg_s/info/2800/?list=all,〒180-0004東京都武蔵野市吉祥寺本町1-17-3(吉祥寺駅北口前),0422-22-1711
町田支店,https://maps.tr.mufg.jp/b/tr_mufg_s/info/4500/?list=all,〒194-0013東京都町田市原町田6-1-6(丸井1階・ルミネ並び),042-728-1211
横浜駅西口支店,https://maps.tr.mufg.jp/b/tr_mufg_s/info/4300/?list=all,〒220-0005神奈川県横浜市西区南幸1-3-1(横浜駅西口スグ前),045-311-6981
川崎支店,https://maps.tr.mufg.jp/b/tr_mufg_s/info/4200/?list=all,〒220-0005神奈川県横浜市西区南幸1-3-1(横浜駅西口スグ前),045-290-5185
上大岡支店,https://maps.tr.mufg.jp/b/tr_mufg_s/info/4000/?list=all,〒233-0002神奈川県横浜市港南区上大岡西1-6-1(ゆめおおおかオフィスタワー2F),045-845-0621
青葉台支店,https://maps.tr.mufg.jp/b/tr_mufg_s/info/5500/?list=all,〒227-0062神奈川県横浜市青葉区青葉台2-9-11(バスターミナル前),045-982-0011
藤沢支店,https://maps.tr.mufg.jp/b/tr_mufg_s/info/4800/?list=all,〒251-0055神奈川県藤沢市南藤沢20-3(藤沢駅南口・小田急デパート向い),0466-26-5911
平塚支店,https://maps.tr.mufg.jp/b/tr_mufg_s/info/3760/?list=all,〒251-0055神奈川県藤沢市南藤沢20-3(藤沢駅南口・小田急デパート向い),0466-29-9001
長野支店,https://maps.tr.mufg.jp/b/tr_mufg_s/info/5100/?list=all,〒380-0823長野県長野市南千歳1-19-4(長野駅前・ながの東急百貨店向かい),026-223-2121
名駅支店,https://maps.tr.mufg.jp/b/tr_mufg_s/info/5700/?list=all,〒450-6420愛知県名古屋市中村区名駅3-28-12（大名古屋ビルヂング4階）,052-581-6811
名古屋支店,https://maps.tr.mufg.jp/b/tr_mufg_s/info/5600/?list=all,〒460-0004愛知県名古屋市中区新栄町1-1(中日ビル向い明治安田生命名古屋ビル）,052-951-4711
京都支店,https://maps.tr.mufg.jp/b/tr_mufg_s/info/6100/?list=all,〒600-8006京都府京都市下京区四条通高倉東入立売中之町85(大丸前),075-211-7161
梅田支店,https://maps.tr.mufg.jp/b/tr_mufg_s/info/6400/?list=all,〒530-0018大阪府大阪市北区小松原町2-4(大阪富国生命ビル3階・阪急百貨店東側),06-6313-2581
大阪支店,https://maps.tr.mufg.jp/b/tr_mufg_s/info/5110/?list=all,〒530-0018大阪府大阪市北区小松原町2-4(大阪富国生命ビル3階・阪急百貨店東側),06-4709-2101
西宮支店,https://maps.tr.mufg.jp/b/tr_mufg_s/info/6770/?list=all,〒530-0018大阪府大阪市北区小松原町2-4(大阪富国生命ビル3階・阪急百貨店東側),06-4709-2070
難波支店,https://maps.tr.mufg.jp/b/tr_mufg_s/info/5210/?list=all,〒542-0076大阪府大阪市中央区難波3-7-16(地下鉄なんば駅11号出口前),06-6632-3621
阿倍野支店,https://maps.tr.mufg.jp/b/tr_mufg_s/info/6500/?list=all,〒542-0076大阪府大阪市中央区難波3-7-16(地下鉄なんば駅11号出口前),06-6649-2601
神戸支店,https://maps.tr.mufg.jp/b/tr_mufg_s/info/6710/?list=all,〒650-0038兵庫県神戸市中央区西町36(大丸南西角）,078-321-3161
広島支店,https://maps.tr.mufg.jp/b/tr_mufg_s/info/7100/?list=all,〒730-0013広島県広島市中区八丁堀15-8(八丁堀福屋前),082-221-2137
高松支店,https://maps.tr.mufg.jp/b/tr_mufg_s/info/7700/?list=all,〒760-0051香川県高松市南新町1-1(南新町商店街北口),087-833-2151
福岡支店,https://maps.tr.mufg.jp/b/tr_mufg_s/info/8100/?list=all,〒810-0001福岡県福岡市中央区天神1-12-7(福岡ダイヤモンドビル),092-741-3031
