地区名,支店名,支店詳細URL
北海道・東北地区,札幌支店,https://www.daiwa.jp/event/app/brc_info?siten_cd=300
北海道・東北地区,釧路支店,https://www.daiwa.jp/event/app/brc_info?siten_cd=302
北海道・東北地区,青森支店,https://www.daiwa.jp/event/app/brc_info?siten_cd=400
北海道・東北地区,盛岡支店,https://www.daiwa.jp/event/app/brc_info?siten_cd=410
北海道・東北地区,仙台支店,https://www.daiwa.jp/event/app/brc_info?siten_cd=430
北海道・東北地区,秋田支店,https://www.daiwa.jp/event/app/brc_info?siten_cd=420
北海道・東北地区,山形支店,https://www.daiwa.jp/event/app/brc_info?siten_cd=440
北海道・東北地区,福島支店,https://www.daiwa.jp/event/app/brc_info?siten_cd=450
北海道・東北地区,郡山支店,https://www.daiwa.jp/event/app/brc_info?siten_cd=451
北海道・東北地区,いわき支店,https://www.daiwa.jp/event/app/brc_info?siten_cd=452
関東地区（東京除く）,水戸支店,https://www.daiwa.jp/event/app/brc_info?siten_cd=067
関東地区（東京除く）,宇都宮支店,https://www.daiwa.jp/event/app/brc_info?siten_cd=089
関東地区（東京除く）,高崎支店,https://www.daiwa.jp/event/app/brc_info?siten_cd=088
関東地区（東京除く）,伊勢崎営業所,https://www.daiwa.jp/event/app/brc_info?siten_cd=984
関東地区（東京除く）,前橋営業所,https://www.daiwa.jp/event/app/brc_info?siten_cd=960
関東地区（東京除く）,大宮支店,https://www.daiwa.jp/event/app/brc_info?siten_cd=069
関東地区（東京除く）,春日部営業所,https://www.daiwa.jp/event/app/brc_info?siten_cd=961
関東地区（東京除く）,久喜営業所,https://www.daiwa.jp/event/app/brc_info?siten_cd=955
関東地区（東京除く）,熊谷営業所,https://www.daiwa.jp/event/app/brc_info?siten_cd=944
関東地区（東京除く）,浦和支店,https://www.daiwa.jp/event/app/brc_info?siten_cd=090
関東地区（東京除く）,川口支店,https://www.daiwa.jp/event/app/brc_info?siten_cd=094
関東地区（東京除く）,所沢支店,https://www.daiwa.jp/event/app/brc_info?siten_cd=065
関東地区（東京除く）,草加営業所,https://www.daiwa.jp/event/app/brc_info?siten_cd=987
関東地区（東京除く）,ふじみ野営業所,https://www.daiwa.jp/event/app/brc_info?siten_cd=904
関東地区（東京除く）,千葉支店,https://www.daiwa.jp/event/app/brc_info?siten_cd=070
関東地区（東京除く）,五井営業所,https://www.daiwa.jp/event/app/brc_info?siten_cd=954
関東地区（東京除く）,船橋支店,https://www.daiwa.jp/event/app/brc_info?siten_cd=072
関東地区（東京除く）,海浜幕張営業所,https://www.daiwa.jp/event/app/brc_info?siten_cd=940
関東地区（東京除く）,八千代緑が丘営業所,https://www.daiwa.jp/event/app/brc_info?siten_cd=981
関東地区（東京除く）,新鎌ヶ谷営業所,https://www.daiwa.jp/event/app/brc_info?siten_cd=906
関東地区（東京除く）,松戸支店,https://www.daiwa.jp/event/app/brc_info?siten_cd=098
関東地区（東京除く）,うすい支店,https://www.daiwa.jp/event/app/brc_info?siten_cd=096
関東地区（東京除く）,成田営業所,https://www.daiwa.jp/event/app/brc_info?siten_cd=999
関東地区（東京除く）,柏支店,https://www.daiwa.jp/event/app/brc_info?siten_cd=066
関東地区（東京除く）,つくば営業所,https://www.daiwa.jp/event/app/brc_info?siten_cd=998
関東地区（東京除く）,市川営業所,https://www.daiwa.jp/event/app/brc_info?siten_cd=963
関東地区（東京除く）,浦安営業所,https://www.daiwa.jp/event/app/brc_info?siten_cd=985
関東地区（東京除く）,横浜支店,https://www.daiwa.jp/event/app/brc_info?siten_cd=082
関東地区（東京除く）,日吉営業所,https://www.daiwa.jp/event/app/brc_info?siten_cd=978
関東地区（東京除く）,センター南営業所,https://www.daiwa.jp/event/app/brc_info?siten_cd=989
関東地区（東京除く）,二俣川営業所,https://www.daiwa.jp/event/app/brc_info?siten_cd=941
関東地区（東京除く）,金沢文庫営業所,https://www.daiwa.jp/event/app/brc_info?siten_cd=942
関東地区（東京除く）,戸塚支店,https://www.daiwa.jp/event/app/brc_info?siten_cd=064
関東地区（東京除く）,川崎支店,https://www.daiwa.jp/event/app/brc_info?siten_cd=083
関東地区（東京除く）,武蔵小杉営業所,https://www.daiwa.jp/event/app/brc_info?siten_cd=972
関東地区（東京除く）,鶴見営業所,https://www.daiwa.jp/event/app/brc_info?siten_cd=903
関東地区（東京除く）,向ヶ丘遊園営業所,https://www.daiwa.jp/event/app/brc_info?siten_cd=995
関東地区（東京除く）,藤沢支店,https://www.daiwa.jp/event/app/brc_info?siten_cd=084
関東地区（東京除く）,鎌倉支店,https://www.daiwa.jp/event/app/brc_info?siten_cd=085
関東地区（東京除く）,厚木支店,https://www.daiwa.jp/event/app/brc_info?siten_cd=068
関東地区（東京除く）,秦野営業所,https://www.daiwa.jp/event/app/brc_info?siten_cd=938
関東地区（東京除く）,茅ヶ崎支店,https://www.daiwa.jp/event/app/brc_info?siten_cd=091
関東地区（東京除く）,横須賀支店,https://www.daiwa.jp/event/app/brc_info?siten_cd=076
関東地区（東京除く）,相模原営業所,https://www.daiwa.jp/event/app/brc_info?siten_cd=125
関東地区（東京除く）,青葉台営業所,https://www.daiwa.jp/event/app/brc_info?siten_cd=122
関東地区（東京除く）,鷺沼営業所,https://www.daiwa.jp/event/app/brc_info?siten_cd=969
東京地区（23区）,本店,https://www.daiwa.jp/event/app/brc_info?siten_cd=010
東京地区（23区）,銀座支店,https://www.daiwa.jp/event/app/brc_info?siten_cd=057
東京地区（23区）,新宿支店,https://www.daiwa.jp/event/app/brc_info?siten_cd=050
東京地区（23区）,阿佐ヶ谷営業所,https://www.daiwa.jp/event/app/brc_info?siten_cd=994
東京地区（23区）,上野支店,https://www.daiwa.jp/event/app/brc_info?siten_cd=037
東京地区（23区）,亀有営業所,https://www.daiwa.jp/event/app/brc_info?siten_cd=905
東京地区（23区）,亀戸支店,https://www.daiwa.jp/event/app/brc_info?siten_cd=039
東京地区（23区）,新小岩営業所,https://www.daiwa.jp/event/app/brc_info?siten_cd=976
東京地区（23区）,五反田支店,https://www.daiwa.jp/event/app/brc_info?siten_cd=041
東京地区（23区）,武蔵小山営業所,https://www.daiwa.jp/event/app/brc_info?siten_cd=971
東京地区（23区）,自由が丘支店,https://www.daiwa.jp/event/app/brc_info?siten_cd=077
東京地区（23区）,蒲田支店,https://www.daiwa.jp/event/app/brc_info?siten_cd=046
東京地区（23区）,大森支店,https://www.daiwa.jp/event/app/brc_info?siten_cd=058
東京地区（23区）,成城支店,https://www.daiwa.jp/event/app/brc_info?siten_cd=054
東京地区（23区）,経堂営業所,https://www.daiwa.jp/event/app/brc_info?siten_cd=962
東京地区（23区）,渋谷支店,https://www.daiwa.jp/event/app/brc_info?siten_cd=055
東京地区（23区）,用賀営業所,https://www.daiwa.jp/event/app/brc_info?siten_cd=126
東京地区（23区）,三軒茶屋営業所,https://www.daiwa.jp/event/app/brc_info?siten_cd=974
東京地区（23区）,中野支店,https://www.daiwa.jp/event/app/brc_info?siten_cd=044
東京地区（23区）,池袋支店,https://www.daiwa.jp/event/app/brc_info?siten_cd=035
東京地区（23区）,成増営業所,https://www.daiwa.jp/event/app/brc_info?siten_cd=970
東京地区（23区）,ときわ台営業所,https://www.daiwa.jp/event/app/brc_info?siten_cd=959
東京地区（23区）,赤羽支店,https://www.daiwa.jp/event/app/brc_info?siten_cd=043
東京地区（23区）,練馬支店,https://www.daiwa.jp/event/app/brc_info?siten_cd=079
東京地区（23区）,石神井公園営業所,https://www.daiwa.jp/event/app/brc_info?siten_cd=967
東京地区（23区）,千住支店,https://www.daiwa.jp/event/app/brc_info?siten_cd=040
東京地区（23区以外）,仙川営業所,https://www.daiwa.jp/event/app/brc_info?siten_cd=975
東京地区（23区以外）,ひばりヶ丘営業所,https://www.daiwa.jp/event/app/brc_info?siten_cd=993
東京地区（23区以外）,吉祥寺支店,https://www.daiwa.jp/event/app/brc_info?siten_cd=075
東京地区（23区以外）,永福町営業所,https://www.daiwa.jp/event/app/brc_info?siten_cd=968
東京地区（23区以外）,武蔵小金井営業所,https://www.daiwa.jp/event/app/brc_info?siten_cd=933
東京地区（23区以外）,国立支店,https://www.daiwa.jp/event/app/brc_info?siten_cd=097
東京地区（23区以外）,立川支店,https://www.daiwa.jp/event/app/brc_info?siten_cd=063
東京地区（23区以外）,八王子支店,https://www.daiwa.jp/event/app/brc_info?siten_cd=074
東京地区（23区以外）,多摩支店,https://www.daiwa.jp/event/app/brc_info?siten_cd=062
東京地区（23区以外）,府中営業所,https://www.daiwa.jp/event/app/brc_info?siten_cd=123
東京地区（23区以外）,町田支店,https://www.daiwa.jp/event/app/brc_info?siten_cd=048
東京地区（23区以外）,花小金井営業所,https://www.daiwa.jp/event/app/brc_info?siten_cd=982
中部・北陸地区（愛知県除く）,新潟支店,https://www.daiwa.jp/event/app/brc_info?siten_cd=500
中部・北陸地区（愛知県除く）,長岡支店,https://www.daiwa.jp/event/app/brc_info?siten_cd=501
中部・北陸地区（愛知県除く）,富山支店,https://www.daiwa.jp/event/app/brc_info?siten_cd=260
中部・北陸地区（愛知県除く）,高岡支店,https://www.daiwa.jp/event/app/brc_info?siten_cd=261
中部・北陸地区（愛知県除く）,金沢支店,https://www.daiwa.jp/event/app/brc_info?siten_cd=250
中部・北陸地区（愛知県除く）,福井支店,https://www.daiwa.jp/event/app/brc_info?siten_cd=240
中部・北陸地区（愛知県除く）,甲府支店,https://www.daiwa.jp/event/app/brc_info?siten_cd=092
中部・北陸地区（愛知県除く）,長野支店,https://www.daiwa.jp/event/app/brc_info?siten_cd=086
中部・北陸地区（愛知県除く）,上田営業所,https://www.daiwa.jp/event/app/brc_info?siten_cd=983
中部・北陸地区（愛知県除く）,松本支店,https://www.daiwa.jp/event/app/brc_info?siten_cd=087
中部・北陸地区（愛知県除く）,岐阜支店,https://www.daiwa.jp/event/app/brc_info?siten_cd=230
中部・北陸地区（愛知県除く）,多治見営業所,https://www.daiwa.jp/event/app/brc_info?siten_cd=953
中部・北陸地区（愛知県除く）,大垣営業所,https://www.daiwa.jp/event/app/brc_info?siten_cd=947
中部・北陸地区（愛知県除く）,静岡支店,https://www.daiwa.jp/event/app/brc_info?siten_cd=210
中部・北陸地区（愛知県除く）,藤枝営業所,https://www.daiwa.jp/event/app/brc_info?siten_cd=929
中部・北陸地区（愛知県除く）,浜松支店,https://www.daiwa.jp/event/app/brc_info?siten_cd=212
中部・北陸地区（愛知県除く）,沼津支店,https://www.daiwa.jp/event/app/brc_info?siten_cd=211
中部・北陸地区（愛知県除く）,津支店,https://www.daiwa.jp/event/app/brc_info?siten_cd=270
中部・北陸地区（愛知県除く）,桑名営業所,https://www.daiwa.jp/event/app/brc_info?siten_cd=952
中部・北陸地区（愛知県除く）,四日市営業所,https://www.daiwa.jp/event/app/brc_info?siten_cd=945
中部・北陸地区（愛知県）,名古屋支店,https://www.daiwa.jp/event/app/brc_info?siten_cd=200
中部・北陸地区（愛知県）,鳴海営業所,https://www.daiwa.jp/event/app/brc_info?siten_cd=986
中部・北陸地区（愛知県）,八事営業所,https://www.daiwa.jp/event/app/brc_info?siten_cd=979
中部・北陸地区（愛知県）,藤が丘営業所,https://www.daiwa.jp/event/app/brc_info?siten_cd=958
中部・北陸地区（愛知県）,豊田営業所,https://www.daiwa.jp/event/app/brc_info?siten_cd=939
中部・北陸地区（愛知県）,豊橋支店,https://www.daiwa.jp/event/app/brc_info?siten_cd=206
中部・北陸地区（愛知県）,岡崎支店,https://www.daiwa.jp/event/app/brc_info?siten_cd=205
中部・北陸地区（愛知県）,知立営業所,https://www.daiwa.jp/event/app/brc_info?siten_cd=932
中部・北陸地区（愛知県）,一宮支店,https://www.daiwa.jp/event/app/brc_info?siten_cd=204
近畿地区（大阪府除く）,彦根支店,https://www.daiwa.jp/event/app/brc_info?siten_cd=100
近畿地区（大阪府除く）,京都支店,https://www.daiwa.jp/event/app/brc_info?siten_cd=110
近畿地区（大阪府除く）,伏見営業所,https://www.daiwa.jp/event/app/brc_info?siten_cd=965
近畿地区（大阪府除く）,大津営業所,https://www.daiwa.jp/event/app/brc_info?siten_cd=996
近畿地区（大阪府除く）,福知山営業所,https://www.daiwa.jp/event/app/brc_info?siten_cd=949
近畿地区（大阪府除く）,草津営業所,https://www.daiwa.jp/event/app/brc_info?siten_cd=931
近畿地区（大阪府除く）,神戸支店,https://www.daiwa.jp/event/app/brc_info?siten_cd=180
近畿地区（大阪府除く）,芦屋営業所,https://www.daiwa.jp/event/app/brc_info?siten_cd=980
近畿地区（大阪府除く）,姫路支店,https://www.daiwa.jp/event/app/brc_info?siten_cd=181
近畿地区（大阪府除く）,尼崎支店,https://www.daiwa.jp/event/app/brc_info?siten_cd=164
近畿地区（大阪府除く）,塚口営業所,https://www.daiwa.jp/event/app/brc_info?siten_cd=930
近畿地区（大阪府除く）,明石支店,https://www.daiwa.jp/event/app/brc_info?siten_cd=182
近畿地区（大阪府除く）,西宮支店,https://www.daiwa.jp/event/app/brc_info?siten_cd=179
近畿地区（大阪府除く）,宝塚営業所,https://www.daiwa.jp/event/app/brc_info?siten_cd=943
近畿地区（大阪府除く）,奈良支店,https://www.daiwa.jp/event/app/brc_info?siten_cd=174
近畿地区（大阪府除く）,学園前営業所,https://www.daiwa.jp/event/app/brc_info?siten_cd=957
近畿地区（大阪府除く）,大和八木営業所,https://www.daiwa.jp/event/app/brc_info?siten_cd=936
近畿地区（大阪府除く）,和歌山支店,https://www.daiwa.jp/event/app/brc_info?siten_cd=190
近畿地区（大阪府）,大阪支店,https://www.daiwa.jp/event/app/brc_info?siten_cd=130
近畿地区（大阪府）,北千里営業所,https://www.daiwa.jp/event/app/brc_info?siten_cd=966
近畿地区（大阪府）,難波支店,https://www.daiwa.jp/event/app/brc_info?siten_cd=162
近畿地区（大阪府）,東大阪営業所,https://www.daiwa.jp/event/app/brc_info?siten_cd=935
近畿地区（大阪府）,堺営業所,https://www.daiwa.jp/event/app/brc_info?siten_cd=170
近畿地区（大阪府）,泉ヶ丘営業所,https://www.daiwa.jp/event/app/brc_info?siten_cd=948
近畿地区（大阪府）,北野田営業所,https://www.daiwa.jp/event/app/brc_info?siten_cd=937
近畿地区（大阪府）,鳳営業所,https://www.daiwa.jp/event/app/brc_info?siten_cd=907
近畿地区（大阪府）,京橋支店,https://www.daiwa.jp/event/app/brc_info?siten_cd=171
近畿地区（大阪府）,香里園営業所,https://www.daiwa.jp/event/app/brc_info?siten_cd=988
近畿地区（大阪府）,阿倍野支店,https://www.daiwa.jp/event/app/brc_info?siten_cd=166
近畿地区（大阪府）,岸和田支店,https://www.daiwa.jp/event/app/brc_info?siten_cd=167
近畿地区（大阪府）,豊中支店,https://www.daiwa.jp/event/app/brc_info?siten_cd=173
近畿地区（大阪府）,千里中央営業所,https://www.daiwa.jp/event/app/brc_info?siten_cd=956
近畿地区（大阪府）,茨木支店,https://www.daiwa.jp/event/app/brc_info?siten_cd=176
中国・四国地区,鳥取支店,https://www.daiwa.jp/event/app/brc_info?siten_cd=610
中国・四国地区,松江支店,https://www.daiwa.jp/event/app/brc_info?siten_cd=609
中国・四国地区,岡山支店,https://www.daiwa.jp/event/app/brc_info?siten_cd=600
中国・四国地区,倉敷営業所,https://www.daiwa.jp/event/app/brc_info?siten_cd=997
中国・四国地区,広島支店,https://www.daiwa.jp/event/app/brc_info?siten_cd=630
中国・四国地区,福山支店,https://www.daiwa.jp/event/app/brc_info?siten_cd=631
中国・四国地区,下関支店,https://www.daiwa.jp/event/app/brc_info?siten_cd=804
中国・四国地区,徳山支店,https://www.daiwa.jp/event/app/brc_info?siten_cd=632
中国・四国地区,山口営業所,https://www.daiwa.jp/event/app/brc_info?siten_cd=964
中国・四国地区,徳島支店,https://www.daiwa.jp/event/app/brc_info?siten_cd=710
中国・四国地区,高松支店,https://www.daiwa.jp/event/app/brc_info?siten_cd=700
中国・四国地区,松山支店,https://www.daiwa.jp/event/app/brc_info?siten_cd=730
中国・四国地区,新居浜支店,https://www.daiwa.jp/event/app/brc_info?siten_cd=731
中国・四国地区,高知法人営業部,https://www.daiwa.jp/service/channel/brc/721/
九州・沖縄地区,福岡支店,https://www.daiwa.jp/event/app/brc_info?siten_cd=800
九州・沖縄地区,香椎営業所,https://www.daiwa.jp/event/app/brc_info?siten_cd=951
九州・沖縄地区,春日原営業所,https://www.daiwa.jp/event/app/brc_info?siten_cd=902
九州・沖縄地区,北九州支店,https://www.daiwa.jp/event/app/brc_info?siten_cd=801
九州・沖縄地区,久留米支店,https://www.daiwa.jp/event/app/brc_info?siten_cd=805
九州・沖縄地区,佐賀支店,https://www.daiwa.jp/event/app/brc_info?siten_cd=810
九州・沖縄地区,長崎支店,https://www.daiwa.jp/event/app/brc_info?siten_cd=820
九州・沖縄地区,熊本支店,https://www.daiwa.jp/event/app/brc_info?siten_cd=830
九州・沖縄地区,大分支店,https://www.daiwa.jp/event/app/brc_info?siten_cd=808
九州・沖縄地区,宮崎支店,https://www.daiwa.jp/event/app/brc_info?siten_cd=835
九州・沖縄地区,鹿児島支店,https://www.daiwa.jp/event/app/brc_info?siten_cd=840
九州・沖縄地区,那覇支店,https://www.daiwa.jp/event/app/brc_info?siten_cd=841
