店舗名,店舗詳細URL,住所,電話番号,郵便番号,地域
プラネットブース春日部,https://shop.www.mizuho-sc.com/b/mizuho_sc/info/MH100139/,埼玉県春日部市中央1-1 みずほ銀行春日部支店1階ロビー内,048-643-9033,344-0067,埼玉県
千葉支店,https://shop.www.mizuho-sc.com/b/mizuho_sc/info/MH100011/,千葉県千葉市中央区富士見2-5-12 グランドセントラル千葉4階,043-222-8251,260-0015,千葉県
プラネットブース稲毛,https://shop.www.mizuho-sc.com/b/mizuho_sc/info/MH100340/,千葉県千葉市稲毛区小仲台2-5-1 みずほ銀行稲毛支店1階ロビー内,043-222-8285,263-0043,千葉県
プラネットブース市川,https://shop.www.mizuho-sc.com/b/mizuho_sc/info/MH100141/,千葉県市川市市川1-7-8 みずほ銀行市川支店3階ロビー内,047-460-2255,272-0034,千葉県
プラネットブース津田沼,https://shop.www.mizuho-sc.com/b/mizuho_sc/info/MH100143/,千葉県船橋市前原西2-14-8 みずほ銀行津田沼支店2階ロビー内,047-460-2257,274-0825,千葉県
船橋支店,https://shop.www.mizuho-sc.com/b/mizuho_sc/info/MH100342/,千葉県船橋市本町1-3-1 船橋FACEビル9階,047-460-2243,273-0005,千葉県
プラネットブース松戸,https://shop.www.mizuho-sc.com/b/mizuho_sc/info/MH100145/,千葉県松戸市本町1-5 みずほ銀行松戸支店1階ロビー内,04-7166-2845,271-0091,千葉県
柏支店,https://shop.www.mizuho-sc.com/b/mizuho_sc/info/MH100146/,千葉県柏市柏2-2-3 みずほ銀行柏支店7階,04-7166-2911,277-0005,千葉県
プラネットブース勝田台,https://shop.www.mizuho-sc.com/b/mizuho_sc/info/MH100144/,千葉県八千代市勝田台北3-1-1 みずほ銀行勝田台支店1階ロビー内,047-460-2241,276-0020,千葉県
プラネットブース東京中央,https://shop.www.mizuho-sc.com/b/mizuho_sc/info/MH100164/,東京都千代田区大手町1-5-5 みずほ銀行東京中央支店3階ロビー内,03-5203-2238,100-0004,東京都
プラネットブース神田,https://shop.www.mizuho-sc.com/b/mizuho_sc/info/MH100155/,東京都千代田区神田小川町1-1 みずほ銀行神田支店1階ロビー内,03-5203-2315,101-0052,東京都
プラネットブース九段,https://shop.www.mizuho-sc.com/b/mizuho_sc/info/MH100156/,東京都千代田区神田神保町2-4 みずほ銀行九段支店1階ロビー内,03-5203-2319,101-0051,東京都
プラネットブース麹町,https://shop.www.mizuho-sc.com/b/mizuho_sc/info/MH100311/,東京都千代田区麹町3-2 みずほ銀行麹町支店2階ロビー内,03-3501-3363,102-0083,東京都
プラネットブース京橋,https://shop.www.mizuho-sc.com/b/mizuho_sc/info/MH100159/,東京都中央区京橋2-7-19 みずほ銀行京橋支店1階ロビー内,03-5203-2313,104-0031,東京都
本店営業部,https://shop.www.mizuho-sc.com/b/mizuho_sc/info/MH100015/,東京都中央区八重洲2-1-1 YANMAR TOKYO 10階,03-5203-6321,104-8481,東京都
兜町支店,https://shop.www.mizuho-sc.com/b/mizuho_sc/info/MH100162/,東京都中央区日本橋兜町4-3 みずほ銀行兜町支店5階,03-5847-5140,103-0026,東京都
プラネットブース日本橋,https://shop.www.mizuho-sc.com/b/mizuho_sc/info/MH100163/,東京都中央区日本橋室町4-3-18 みずほ銀行日本橋支店2階ロビー内,03-3832-2400,103-0022,東京都
プラネットブース築地,https://shop.www.mizuho-sc.com/b/mizuho_sc/info/MH100315/,東京都中央区築地2-11-21 みずほ銀行築地支店1階ロビー内,03-5847-5137,104-0045,東京都
プラネットブース銀座,https://shop.www.mizuho-sc.com/b/mizuho_sc/info/MH100158/,東京都中央区銀座4-2-11 みずほ銀行銀座支店11階ロビー内,03-5203-2323,104-0061,東京都
プラネットブース六本木,https://shop.www.mizuho-sc.com/b/mizuho_sc/info/MH100170/,東京都港区六本木7-15-7 みずほ銀行六本木支店1階ロビー内,03-6418-9021,106-0032,東京都
プラネットブース青山,https://shop.www.mizuho-sc.com/b/mizuho_sc/info/MH100166/,東京都港区北青山3－5−27 AOKI表参道ビル4階,03-6418-9033,107-0061,東京都
プラネットブース新橋,https://shop.www.mizuho-sc.com/b/mizuho_sc/info/MH100168/,東京都港区新橋2-1-3 みずほ銀行新橋支店1階ロビー内,03-3501-3369,105-0004,東京都
プラネットブース芝,https://shop.www.mizuho-sc.com/b/mizuho_sc/info/MH100167/,東京都港区芝5-34-7 みずほ銀行芝支店2階ロビー内,03-3501-3365,108-0014,東京都
虎ノ門支店,https://shop.www.mizuho-sc.com/b/mizuho_sc/info/MH100017/,東京都港区虎ノ門1-2-3 みずほ銀行虎ノ門支店2階,03-3501-4311,105-0001,東京都
プラネットブース赤坂,https://shop.www.mizuho-sc.com/b/mizuho_sc/info/MH100165/,東京都港区赤坂4-1-33 みずほ銀行赤坂支店1階ロビー内,03-6418-9039,107-0052,東京都
プラネットブース飯田橋,https://shop.www.mizuho-sc.com/b/mizuho_sc/info/MH100171/,東京都新宿区下宮比町2-1 みずほ銀行飯田橋支店2階ロビー内,03-5847-5183,162-0822,東京都
プラネットブース四谷,https://shop.www.mizuho-sc.com/b/mizuho_sc/info/MH100177/,東京都新宿区四谷3-3-1 みずほ銀行四谷支店内,03-3342-3245,160-0004,東京都
プラネットブース新宿,https://shop.www.mizuho-sc.com/b/mizuho_sc/info/MH100172/,東京都新宿区新宿3-25-1 みずほ銀行新宿支店地下2階ロビー内,03-3342-3300,160-0022,東京都
新宿支店,https://shop.www.mizuho-sc.com/b/mizuho_sc/info/MH100022/,東京都新宿区西新宿1-25-1 みずほ銀行新宿新都心支店地下1階,03-3342-3211,163-0690,東京都
プラネットブース高田馬場,https://shop.www.mizuho-sc.com/b/mizuho_sc/info/MH100173/,東京都新宿区高田馬場3-3-6 みずほ銀行高田馬場支店1階ロビー内,03-3342-3253,169-0075,東京都
プラネットブース本郷,https://shop.www.mizuho-sc.com/b/mizuho_sc/info/MH100178/,東京都文京区本郷3-34-3 みずほ銀行本郷支店2階ロビー内,03-5203-2321,113-0033,東京都
プラネットブース駒込,https://shop.www.mizuho-sc.com/b/mizuho_sc/info/MH100318/,東京都文京区本駒込6-1-1 みずほ銀行駒込支店3階ロビー内,03-3832-2444,113-0021,東京都
プラネットブース江戸川橋,https://shop.www.mizuho-sc.com/b/mizuho_sc/info/MH100307/,東京都文京区関口1-21-10 みずほ銀行江戸川橋支店2階ロビー内,03-3984-3225,112-0014,東京都
上野支店,https://shop.www.mizuho-sc.com/b/mizuho_sc/info/MH100182/,東京都台東区上野3-16-5 みずほ銀行上野支店7階,03-3832-2261,110-0005,東京都
プラネットブース雷門,https://shop.www.mizuho-sc.com/b/mizuho_sc/info/MH100320/,東京都台東区浅草1-1-15 みずほ銀行雷門支店内,03-3832-2454,111-0032,東京都
プラネットブース浅草橋,https://shop.www.mizuho-sc.com/b/mizuho_sc/info/MH100308/,東京都台東区浅草橋1-30-9 みずほ銀行浅草橋支店2階ロビー内,03-3832-2427,111-0053,東京都
プラネットブース本所,https://shop.www.mizuho-sc.com/b/mizuho_sc/info/MH100185/,東京都墨田区両国4-31-11 みずほ銀行本所支店2階ロビー内,03-3624-0688,130-0026,東京都
押上支店,https://shop.www.mizuho-sc.com/b/mizuho_sc/info/MH100184/,東京都墨田区業平3-14-4,03-3624-0611,130-0002,東京都
プラネットブース亀戸,https://shop.www.mizuho-sc.com/b/mizuho_sc/info/MH100186/,東京都江東区亀戸1-39-10 みずほ銀行亀戸支店1階ロビー内,03-3624-0660,136-0071,東京都
プラネットブース深川,https://shop.www.mizuho-sc.com/b/mizuho_sc/info/MH100345/,東京都江東区永代2-36-16 みずほ銀行深川支店1階ロビー内,03-5847-5196,135-0034,東京都
プラネットブース目黒,https://shop.www.mizuho-sc.com/b/mizuho_sc/info/MH100343/,東京都品川区上大崎3-1-1 みずほ銀行目黒支店1階ロビー内,03-6418-9257,141-0021,東京都
プラネットブース品川,https://shop.www.mizuho-sc.com/b/mizuho_sc/info/MH100199/,東京都品川区南品川2-2-7 みずほ銀行品川支店2階ロビー内,03-5847-5185,140-0004,東京都
プラネットブース荏原,https://shop.www.mizuho-sc.com/b/mizuho_sc/info/MH100310/,東京都品川区荏原4-4-7 みずほ銀行荏原支店2階ロビー内,03-3718-1459,142-0063,東京都
プラネットブース五反田,https://shop.www.mizuho-sc.com/b/mizuho_sc/info/MH100197/,東京都品川区西五反田1-27-2 みずほ銀行五反田支店2階ロビー内,03-6418-9023,141-0031,東京都
プラネットブース中目黒,https://shop.www.mizuho-sc.com/b/mizuho_sc/info/MH100305/,東京都目黒区上目黒1-26-1 みずほ銀行中目黒支店1階ロビー内,03-6418-9025,153-0051,東京都
自由が丘支店,https://shop.www.mizuho-sc.com/b/mizuho_sc/info/MH100200/,東京都目黒区自由が丘2-10-1,03-3718-1151,152-0035,東京都
プラネットブース久が原,https://shop.www.mizuho-sc.com/b/mizuho_sc/info/MH100202/,東京都大田区久が原3-35-11 みずほ銀行久が原支店2階ロビー内,03-3778-9637,146-0085,東京都
プラネットブース大岡山,https://shop.www.mizuho-sc.com/b/mizuho_sc/info/MH100323/,東京都大田区北千束3-28-12 みずほ銀行大岡山支店2階ロビー内,03-3718-1450,145-0062,東京都
大森支店,https://shop.www.mizuho-sc.com/b/mizuho_sc/info/MH100203/,東京都大田区山王2-5-13 みずほ銀行大森支店6階,03-3778-9640,143-0023,東京都
プラネットブース蒲田,https://shop.www.mizuho-sc.com/b/mizuho_sc/info/MH100201/,東京都大田区蒲田5-17-2 みずほ銀行蒲田支店3階ロビー内,03-3778-9633,144-0052,東京都
プラネットブース北沢,https://shop.www.mizuho-sc.com/b/mizuho_sc/info/MH100204/,東京都世田谷区北沢2-25-20 みずほ銀行北沢支店1階ロビー内,03-5490-7467,155-0031,東京都
プラネットブース烏山,https://shop.www.mizuho-sc.com/b/mizuho_sc/info/MH100209/,東京都世田谷区南烏山5-16-18 みずほ銀行烏山支店1階ロビー内,03-3342-3276,157-0062,東京都
プラネットブース世田谷,https://shop.www.mizuho-sc.com/b/mizuho_sc/info/MH100207/,東京都世田谷区太子堂2-14-8 みずほ銀行世田谷支店1階ロビー内,03-6418-9035,154-0004,東京都
プラネットブース経堂,https://shop.www.mizuho-sc.com/b/mizuho_sc/info/MH100317/,東京都世田谷区宮坂3-11-12 みずほ銀行経堂支店1階ロビー内,03-5490-7465,156-0051,東京都
成城支店,https://shop.www.mizuho-sc.com/b/mizuho_sc/info/MH100206/,東京都世田谷区成城5-7-1,03-5490-7480,157-0066,東京都
プラネットブース千歳船橋,https://shop.www.mizuho-sc.com/b/mizuho_sc/info/MH100205/,東京都世田谷区桜丘2-27-12 みずほ銀行千歳船橋支店1階ロビー内,03-5490-7463,156-0054,東京都
プラネットブース玉川,https://shop.www.mizuho-sc.com/b/mizuho_sc/info/MH100208/,東京都世田谷区玉川3-7-18 みずほ銀行玉川支店1階ロビー内,03-3718-1469,158-0094,東京都
プラネットブース渋谷中央,https://shop.www.mizuho-sc.com/b/mizuho_sc/info/MH100179/,東京都渋谷区宇田川町23-3 みずほ銀行渋谷中央支店2階ロビー内,03-6418-9027,150-0042,東京都
プラネットブース恵比寿,https://shop.www.mizuho-sc.com/b/mizuho_sc/info/MH100181/,東京都渋谷区恵比寿1-20-22 みずほ銀行恵比寿支店内,03-6418-9029,150-0013,東京都
渋谷支店,https://shop.www.mizuho-sc.com/b/mizuho_sc/info/MH100180/,東京都渋谷区渋谷1-24-16 みずほ銀行渋谷支店1階,03-6418-9250,150-0002,東京都
プラネットブース中野北口,https://shop.www.mizuho-sc.com/b/mizuho_sc/info/MH100192/,東京都中野区新井1-9-5 みずほ銀行中野北口支店1階ロビー内,03-3342-3279,165-0026,東京都
プラネットブース鷺宮,https://shop.www.mizuho-sc.com/b/mizuho_sc/info/MH100193/,東京都中野区白鷺2-48-1 みずほ銀行鷺宮支店2階ロビー内,03-3342-3273,165-0035,東京都
プラネットブース荻窪,https://shop.www.mizuho-sc.com/b/mizuho_sc/info/MH100194/,東京都杉並区天沼3-4-1 みずほ銀行荻窪支店3階ロビー内,0422-22-1216,167-0032,東京都
プラネットブース浜田山,https://shop.www.mizuho-sc.com/b/mizuho_sc/info/MH100196/,東京都杉並区浜田山3-24-2 みずほ銀行浜田山支店1階ロビー内,0422-22-1203,168-0065,東京都
プラネットブース高円寺北口,https://shop.www.mizuho-sc.com/b/mizuho_sc/info/MH100195/,東京都杉並区高円寺北3-45-14 みずほ銀行高円寺北口支店2階ロビー内,03-3342-3283,166-0002,東京都
池袋支店,https://shop.www.mizuho-sc.com/b/mizuho_sc/info/MH100023/,東京都豊島区東池袋1-18-1 ハレザタワー8階,03-3984-3181,170-0013,東京都
プラネットブース王子,https://shop.www.mizuho-sc.com/b/mizuho_sc/info/MH100213/,東京都北区王子1-10-17 みずほ銀行王子支店2階ロビー内,03-3984-3177,114-0002,東京都
プラネットブース尾久,https://shop.www.mizuho-sc.com/b/mizuho_sc/info/MH100214/,東京都北区田端新町2-26-1 みずほ銀行尾久支店1階ロビー内,03-3832-2410,114-0012,東京都
プラネットブース赤羽,https://shop.www.mizuho-sc.com/b/mizuho_sc/info/MH100212/,東京都北区赤羽1-7-8 みずほ銀行赤羽支店2階ロビー内,03-3984-3173,115-0045,東京都
プラネットブース三ノ輪,https://shop.www.mizuho-sc.com/b/mizuho_sc/info/MH100321/,東京都荒川区南千住1-32-9 みずほ銀行三ノ輪支店2階ロビー内,03-3832-2441,116-0003,東京都
プラネットブース志村,https://shop.www.mizuho-sc.com/b/mizuho_sc/info/MH100215/,東京都板橋区志村2-1-1 みずほ銀行志村支店2階ロビー内,03-3984-3233,174-0056,東京都
プラネットブース成増,https://shop.www.mizuho-sc.com/b/mizuho_sc/info/MH100216/,東京都板橋区成増2-11-2 みずほ銀行成増支店1階ロビー内,03-3984-3238,175-0094,東京都
プラネットブース板橋,https://shop.www.mizuho-sc.com/b/mizuho_sc/info/MH100217/,東京都板橋区本町36-7 みずほ銀行板橋支店2階ロビー内,03-3984-3218,173-0001,東京都
プラネットブース光が丘,https://shop.www.mizuho-sc.com/b/mizuho_sc/info/MH100330/,東京都練馬区光が丘5-1-1 みずほ銀行光が丘支店ロビー内,03-3984-3212,179-0072,東京都
石神井支店,https://shop.www.mizuho-sc.com/b/mizuho_sc/info/MH100218/,東京都練馬区石神井町3-27-22 みずほ銀行石神井支店1階,03-3997-1131,177-0041,東京都
プラネットブース練馬富士見台,https://shop.www.mizuho-sc.com/b/mizuho_sc/info/MH100219/,東京都練馬区貫井3-7-6 みずほ銀行練馬富士見台支店2階ロビー内,03-3997-1125,176-0021,東京都
プラネットブース千住,https://shop.www.mizuho-sc.com/b/mizuho_sc/info/MH100188/,東京都足立区千住2-58 みずほ銀行千住支店2階ロビー内,03-3624-0666,120-0034,東京都
プラネットブース足立,https://shop.www.mizuho-sc.com/b/mizuho_sc/info/MH100187/,東京都足立区梅島3-32-6 みずほ銀行足立支店1階ロビー内,03-3624-0690,121-0816,東京都
プラネットブース亀有,https://shop.www.mizuho-sc.com/b/mizuho_sc/info/MH100189/,東京都葛飾区亀有5-33-9 みずほ銀行亀有支店1階ロビー内,03-3624-0693,125-0061,東京都
プラネットブース葛飾,https://shop.www.mizuho-sc.com/b/mizuho_sc/info/MH100322/,東京都葛飾区立石1-3-12 みずほ銀行葛飾支店1階ロビー内,03-3624-0669,124-0012,東京都
プラネットブース高砂,https://shop.www.mizuho-sc.com/b/mizuho_sc/info/MH100190/,東京都葛飾区高砂5-43-3 みずほ銀行高砂支店1階ロビー内,03-3624-0675,125-0054,東京都
プラネットブース小松川,https://shop.www.mizuho-sc.com/b/mizuho_sc/info/MH100319/,東京都江戸川区松江1-15-18 みずほ銀行小松川支店1階ロビー内,03-3624-0677,132-0025,東京都
プラネットブース西葛西,https://shop.www.mizuho-sc.com/b/mizuho_sc/info/MH100191/,東京都江戸川区西葛西5-6-2 みずほ銀行西葛西支店2階ロビー内,03-5847-5187,134-0088,東京都
八王子支店,https://shop.www.mizuho-sc.com/b/mizuho_sc/info/MH100026/,東京都八王子市横山町15-3 みずほ銀行八王子支店5階,042-628-9890,192-0081,東京都
立川支店,https://shop.www.mizuho-sc.com/b/mizuho_sc/info/MH100222/,東京都立川市曙町2-4-6 みずほ銀行立川支店5階,042-525-5111,190-0012,東京都
吉祥寺支店,https://shop.www.mizuho-sc.com/b/mizuho_sc/info/MH100024/,東京都武蔵野市吉祥寺本町2-2-13 みずほ銀行吉祥寺支店1階,0422-22-1151,180-0004,東京都
三鷹支店,https://shop.www.mizuho-sc.com/b/mizuho_sc/info/MH100234/,東京都三鷹市下連雀3-35-1 ネオ・シティ三鷹10階,0422-76-0510,181-0013,東京都
府中支店,https://shop.www.mizuho-sc.com/b/mizuho_sc/info/MH100335/,東京都府中市府中町1-1-2 みずほ銀行府中支店2階,042-354-2403,183-0055,東京都
プラネットブース調布仙川,https://shop.www.mizuho-sc.com/b/mizuho_sc/info/MH100227/,東京都調布市仙川町3-1 みずほ銀行調布仙川支店1階ロビー内,042-354-2421,182-0002,東京都
プラネットブース調布,https://shop.www.mizuho-sc.com/b/mizuho_sc/info/MH100226/,東京都調布市小島町1-36-16 みずほ銀行調布支店2階ロビー内,042-354-2419,182-0026,東京都
町田支店,https://shop.www.mizuho-sc.com/b/mizuho_sc/info/MH100027/,東京都町田市中町1-2-4,042-722-5611,194-0021,東京都
プラネットブース町田,https://shop.www.mizuho-sc.com/b/mizuho_sc/info/MH100233/,東京都町田市森野1-17-1 みずほ銀行町田支店2階ロビー内,042-722-5911,194-0022,東京都
プラネットブース日野,https://shop.www.mizuho-sc.com/b/mizuho_sc/info/MH100231/,東京都日野市多摩平1-3-1 みずほ銀行日野支店1階ロビー内,042-628-9921,191-0062,東京都
プラネットブース国分寺,https://shop.www.mizuho-sc.com/b/mizuho_sc/info/MH100221/,東京都国分寺市南町3-17-3 みずほ銀行国分寺支店1階ロビー内,0422-76-0263,185-0021,東京都
プラネットブース清瀬,https://shop.www.mizuho-sc.com/b/mizuho_sc/info/MH100220/,東京都清瀬市元町1-10-4 みずほ銀行清瀬支店1階ロビー内,04-2926-7266,204-0021,東京都
プラネットブース多摩センター,https://shop.www.mizuho-sc.com/b/mizuho_sc/info/MH100224/,東京都多摩市落合1-44 みずほ銀行多摩センター支店2階ロビー内,044-952-3935,206-0033,東京都
プラネットブース多摩,https://shop.www.mizuho-sc.com/b/mizuho_sc/info/MH100225/,東京都多摩市関戸4-72 みずほ銀行多摩支店1階ロビー内,042-354-2423,206-0011,東京都
プラネットブースひばりが丘,https://shop.www.mizuho-sc.com/b/mizuho_sc/info/MH100229/,東京都西東京市ひばりが丘北4-3-27 みずほ銀行ひばりが丘支店1階ロビー内,04-2926-7245,202-0002,東京都
プラネットブース田無,https://shop.www.mizuho-sc.com/b/mizuho_sc/info/MH100228/,東京都西東京市田無町2-1-1 みずほ銀行田無支店2階ロビー内,0422-76-0261,188-0011,東京都
プラネットブース鶴見,https://shop.www.mizuho-sc.com/b/mizuho_sc/info/MH100114/,神奈川県横浜市鶴見区鶴見中央4-32-23 みずほ銀行鶴見支店1階ロビー内,044-223-1687,230-0051,神奈川県
プラネットブース横浜駅前,https://shop.www.mizuho-sc.com/b/mizuho_sc/info/MH100106/,神奈川県横浜市西区北幸1-2-1 みずほ銀行横浜駅前支店1階ロビー内,045-314-3491,220-0004,神奈川県
横浜西口支店,https://shop.www.mizuho-sc.com/b/mizuho_sc/info/MH100029/,神奈川県横浜市西区北幸1-6-1 横浜ファーストビル2階,045-314-3811,220-0004,神奈川県
横浜支店,https://shop.www.mizuho-sc.com/b/mizuho_sc/info/MH100105/,神奈川県横浜市中区本町3-33 みずほ銀行横浜支店5階,045-641-3661,231-0005,神奈川県
プラネットブース日吉,https://shop.www.mizuho-sc.com/b/mizuho_sc/info/MH100110/,神奈川県横浜市港北区日吉2-3-1 みずほ銀行日吉支店2階ロビー内,044-223-1689,223-0061,神奈川県
プラネットブース綱島,https://shop.www.mizuho-sc.com/b/mizuho_sc/info/MH100109/,神奈川県横浜市港北区綱島東1-2-18 みずほ銀行綱島支店2階ロビー内,044-223-1694,223-0052,神奈川県
プラネットブース戸塚,https://shop.www.mizuho-sc.com/b/mizuho_sc/info/MH100313/,神奈川県横浜市戸塚区戸塚町4091-1 みずほ銀行戸塚支店2階ロビー内,045-641-3636,244-0003,神奈川県
上大岡支店,https://shop.www.mizuho-sc.com/b/mizuho_sc/info/MH100031/,神奈川県横浜市港南区上大岡西1-6-1 ゆめおおおかオフィスタワー17階,045-843-1221,233-0002,神奈川県
プラネットブース二俣川,https://shop.www.mizuho-sc.com/b/mizuho_sc/info/MH100111/,神奈川県横浜市旭区二俣川2-52 みずほ銀行二俣川支店1階ロビー内,045-314-3493,241-0821,神奈川県
プラネットブースあざみ野,https://shop.www.mizuho-sc.com/b/mizuho_sc/info/MH100108/,神奈川県横浜市青葉区あざみ野2-1-3 みずほ銀行あざみ野支店1階ロビー内,045-901-5061,225-0011,神奈川県
たまプラーザ支店,https://shop.www.mizuho-sc.com/b/mizuho_sc/info/MH100030/,神奈川県横浜市青葉区美しが丘5-1-1 みずほ銀行たまプラーザ支店2階,045-901-5811,225-0002,神奈川県
プラネットブース青葉台,https://shop.www.mizuho-sc.com/b/mizuho_sc/info/MH100107/,神奈川県横浜市青葉区青葉台1-6-13 みずほ銀行青葉台支店1階ロビー内,045-901-5047,227-0062,神奈川県
川崎支店,https://shop.www.mizuho-sc.com/b/mizuho_sc/info/MH100028/,神奈川県川崎市川崎区砂子2-4-10 みずほ銀行川崎支店1階,044-223-1678,210-0006,神奈川県
プラネットブース武蔵小杉,https://shop.www.mizuho-sc.com/b/mizuho_sc/info/MH100338/,神奈川県川崎市中原区小杉町3- 600 みずほ銀行武蔵小杉支店内,044-223-1696,211-0063,神奈川県
プラネットブース溝ノ口,https://shop.www.mizuho-sc.com/b/mizuho_sc/info/MH100314/,神奈川県川崎市高津区溝口1-11-5 みずほ銀行溝ノ口支店2階ロビー内,045-901-5043,213-0001,神奈川県
プラネットブース向ヶ丘,https://shop.www.mizuho-sc.com/b/mizuho_sc/info/MH100118/,神奈川県川崎市多摩区登戸2779-6 みずほ銀行向ヶ丘支店2階ロビー内,044-952-3925,214-0014,神奈川県
プラネットブース鷺沼,https://shop.www.mizuho-sc.com/b/mizuho_sc/info/MH100119/,神奈川県川崎市宮前区鷺沼1-2 みずほ銀行鷺沼支店1階ロビー内,045-901-5040,216-0004,神奈川県
新百合ヶ丘支店,https://shop.www.mizuho-sc.com/b/mizuho_sc/info/MH100117/,神奈川県川崎市麻生区上麻生1-5-2 みずほ銀行新百合ヶ丘支店2階,044-952-3911,215-0021,神奈川県
プラネットブース橋本,https://shop.www.mizuho-sc.com/b/mizuho_sc/info/MH100128/,神奈川県相模原市緑区橋本3-29-8 みずほ銀行橋本支店2階ロビー内,042-722-5763,252-0143,神奈川県
プラネットブース相模大野,https://shop.www.mizuho-sc.com/b/mizuho_sc/info/MH100127/,神奈川県相模原市南区相模大野3-3-1-101 みずほ銀行相模大野支店1階ロビー内,042-722-5907,252-0303,神奈川県
プラネットブース衣笠,https://shop.www.mizuho-sc.com/b/mizuho_sc/info/MH100123/,神奈川県横須賀市衣笠栄町2-65 みずほ銀行衣笠支店2階ロビー内,046-873-1661,238-0031,神奈川県
平塚支店,https://shop.www.mizuho-sc.com/b/mizuho_sc/info/MH100033/,神奈川県平塚市紅谷町2-22 みずほ銀行平塚支店1階,0463-21-6101,254-0043,神奈川県
プラネットブース大船,https://shop.www.mizuho-sc.com/b/mizuho_sc/info/MH100120/,神奈川県鎌倉市大船1-24-15 みずほ銀行大船支店2階ロビー内,0466-54-3243,247-0056,神奈川県
プラネットブース鎌倉,https://shop.www.mizuho-sc.com/b/mizuho_sc/info/MH100121/,神奈川県鎌倉市御成町11-35 みずほ銀行鎌倉支店1階ロビー内,046-873-1677,248-0012,神奈川県
プラネットブース藤沢,https://shop.www.mizuho-sc.com/b/mizuho_sc/info/MH100125/,神奈川県藤沢市藤沢107-1 みずほ銀行藤沢支店3階ロビー内,0466-54-3245,251-0052,神奈川県
藤沢支店,https://shop.www.mizuho-sc.com/b/mizuho_sc/info/MH100336/,神奈川県藤沢市藤沢559番地,0466-54-3234,251-0052,神奈川県
小田原支店,https://shop.www.mizuho-sc.com/b/mizuho_sc/info/MH100032/,神奈川県小田原市栄町2-7-32 みずほ銀行小田原支店3階,0465-24-3111,250-0011,神奈川県
プラネットブース茅ヶ崎,https://shop.www.mizuho-sc.com/b/mizuho_sc/info/MH100124/,神奈川県茅ヶ崎市新栄町9-25 みずほ銀行茅ヶ崎支店4階,0463-21-6175,253-0044,神奈川県
逗子支店,https://shop.www.mizuho-sc.com/b/mizuho_sc/info/MH100122/,神奈川県逗子市逗子1-4-1 みずほ銀行逗子支店1階,046-873-1781,249-0006,神奈川県
新潟支店,https://shop.www.mizuho-sc.com/b/mizuho_sc/info/MH100034/,新潟県新潟市中央区西堀通六番町5942 みずほ銀行新潟支店2階,025-223-5101,951-8061,新潟県
富山支店,https://shop.www.mizuho-sc.com/b/mizuho_sc/info/MH100256/,富山県富山市桜橋通り5-13 みずほ銀行富山支店2階,076-433-5811,930-0004,富山県
金沢支店,https://shop.www.mizuho-sc.com/b/mizuho_sc/info/MH100036/,石川県金沢市上堤町1-7 みずほ銀行金沢支店2階,076-231-4181,920-0869,石川県
福井支店,https://shop.www.mizuho-sc.com/b/mizuho_sc/info/MH100037/,福井県福井市大手2-7-15 みずほ銀行福井支店1階,0776-21-2255,910-0005,福井県
甲府支店,https://shop.www.mizuho-sc.com/b/mizuho_sc/info/MH100251/,山梨県甲府市丸の内1-19-10 みずほ銀行甲府支店1階,055-224-2141,400-0031,山梨県
長野支店,https://shop.www.mizuho-sc.com/b/mizuho_sc/info/MH100040/,長野県長野市問御所町1260 みずほ銀行長野支店1階,026-223-6163,380-0834,長野県
岐阜支店,https://shop.www.mizuho-sc.com/b/mizuho_sc/info/MH100041/,岐阜県岐阜市金町6-6 ニッセイ岐阜ビル5階,058-263-7171,500-8842,岐阜県
静岡支店,https://shop.www.mizuho-sc.com/b/mizuho_sc/info/MH100043/,静岡県静岡市葵区追手町8-1 日土地静岡ビル7階,054-254-2241,420-0853,静岡県
浜松支店,https://shop.www.mizuho-sc.com/b/mizuho_sc/info/MH100246/,静岡県浜松市中央区鍛冶町332-1 みずほ銀行浜松支店3階,053-452-1121,430-0933,静岡県
沼津支店,https://shop.www.mizuho-sc.com/b/mizuho_sc/info/MH100042/,静岡県沼津市大手町3-8-1,055-962-1113,410-0801,静岡県
名古屋駅前支店,https://shop.www.mizuho-sc.com/b/mizuho_sc/info/MH100243/,愛知県名古屋市中村区名駅1-1-3 JRゲートタワー28階,052-551-9291,450-6628,愛知県
名古屋支店,https://shop.www.mizuho-sc.com/b/mizuho_sc/info/MH100046/,愛知県名古屋市中区栄2-3-1,052-204-5111,460-0008,愛知県
プラネットブース名古屋,https://shop.www.mizuho-sc.com/b/mizuho_sc/info/MH100241/,愛知県名古屋市中区錦1-19-24 みずほ銀行名古屋支店1階ロビー内,052-204-6317,460-0003,愛知県
豊橋支店,https://shop.www.mizuho-sc.com/b/mizuho_sc/info/MH100240/,愛知県豊橋市広小路1-39 みずほ銀行豊橋支店3階,0532-53-2141,440-0881,愛知県
四日市支店,https://shop.www.mizuho-sc.com/b/mizuho_sc/info/MH100047/,三重県四日市市諏訪栄町7-31,059-353-2281,510-0086,三重県
伊賀上野支店,https://shop.www.mizuho-sc.com/b/mizuho_sc/info/MH100048/,三重県伊賀市上野東町2958,0595-21-2340,518-0861,三重県
大津支店,https://shop.www.mizuho-sc.com/b/mizuho_sc/info/MH100049/,滋賀県大津市浜町1-1 みずほ銀行大津支店1階,077-522-5531,520-0041,滋賀県
プラネットブース出町,https://shop.www.mizuho-sc.com/b/mizuho_sc/info/MH100284/,京都府京都市上京区出町今出川上ル青龍町259 みずほ銀行出町支店1階ロビー内,075-241-6368,602-0822,京都府
京都支店,https://shop.www.mizuho-sc.com/b/mizuho_sc/info/MH100050/,京都府京都市下京区四条通烏丸東入長刀鉾町20 みずほ銀行京都支店2階,075-231-8881,600-8008,京都府
プラネットブース伏見,https://shop.www.mizuho-sc.com/b/mizuho_sc/info/MH100285/,京都府京都市伏見区東大手町757 みずほ銀行伏見支店1階ロビー内,075-241-6360,612-8053,京都府
福知山支店,https://shop.www.mizuho-sc.com/b/mizuho_sc/info/MH100051/,京都府福知山市字天田小字木村前194-4,0773-22-2141,620-0000,京都府
阿倍野支店,https://shop.www.mizuho-sc.com/b/mizuho_sc/info/MH100057/,大阪府大阪市阿倍野区阿倍野筋1-5-38 みずほ銀行阿倍野橋支店7階,06-6635-1022,545-0052,大阪府
十三支店,https://shop.www.mizuho-sc.com/b/mizuho_sc/info/MH100265/,大阪府大阪市淀川区十三本町1-5-5 みずほ銀行十三支店2階,06-6302-5951,532-0024,大阪府
プラネットブース梅田,https://shop.www.mizuho-sc.com/b/mizuho_sc/info/MH100053/,大阪府大阪市北区梅田1-11-4-100 みずほ銀行梅田支店2階ロビー内,06-6373-1146,530-0001,大阪府
梅田支店,https://shop.www.mizuho-sc.com/b/mizuho_sc/info/MH100052/,大阪府大阪市北区芝田1-1-4 阪急ターミナルビル13階,06-6373-1151,530-0012,大阪府
プラネットブース大阪,https://shop.www.mizuho-sc.com/b/mizuho_sc/info/MH100260/,大阪府大阪市中央区今橋4-2-1 みずほ銀行大阪支店1階ロビー内,06-6281-4651,541-0042,大阪府
大阪営業第一部,https://shop.www.mizuho-sc.com/b/mizuho_sc/info/MH100056/,大阪府大阪市中央区南本町4-1-1,06-6245-1122,541-0054,大阪府
大阪営業第二部,https://shop.www.mizuho-sc.com/b/mizuho_sc/info/MH100259/,大阪府大阪市中央区南本町4-1-1,06-6281-4406,541-0054,大阪府
プラネットブース船場,https://shop.www.mizuho-sc.com/b/mizuho_sc/info/MH100263/,大阪府大阪市中央区本町3-4-8 みずほ銀行船場支店内,06-6245-1175,541-0053,大阪府
難波支店,https://shop.www.mizuho-sc.com/b/mizuho_sc/info/MH100262/,大阪府大阪市中央区難波4-4-1 みずほ銀行難波支店2階,06-6631-7221,542-0076,大阪府
堺支店,https://shop.www.mizuho-sc.com/b/mizuho_sc/info/MH100061/,大阪府堺市堺区北瓦町2-4-16 みずほ銀行堺支店5階,072-238-5941,590-0076,大阪府
プラネットブース千里中央,https://shop.www.mizuho-sc.com/b/mizuho_sc/info/MH100268/,大阪府豊中市新千里東町1-5-3 みずほ銀行千里中央支店1階ロビー内,06-6302-5931,560-0082,大阪府
プラネットブース池田,https://shop.www.mizuho-sc.com/b/mizuho_sc/info/MH100269/,大阪府池田市室町1-2 みずほ銀行池田支店1階ロビー内,072-751-2610,563-0047,大阪府
池田支店,https://shop.www.mizuho-sc.com/b/mizuho_sc/info/MH100058/,大阪府池田市菅原町3-1-116,072-751-2581,563-0055,大阪府
プラネットブース高槻,https://shop.www.mizuho-sc.com/b/mizuho_sc/info/MH100266/,大阪府高槻市北園町15-17 みずほ銀行高槻支店1階ロビー内,06-6302-5929,569-0802,大阪府
プラネットブース守口,https://shop.www.mizuho-sc.com/b/mizuho_sc/info/MH100271/,大阪府守口市河原町8-21 みずほ銀行守口支店1階ロビー内,06-6281-4653,570-0038,大阪府
枚方支店,https://shop.www.mizuho-sc.com/b/mizuho_sc/info/MH100059/,大阪府枚方市岡本町2-20 みずほ銀行枚方支店1階,072-841-8511,573-0031,大阪府
プラネットブース茨木,https://shop.www.mizuho-sc.com/b/mizuho_sc/info/MH100267/,大阪府茨木市双葉町9-1 みずほ銀行茨木支店1階ロビー内,06-6302-5927,567-0829,大阪府
プラネットブース香里,https://shop.www.mizuho-sc.com/b/mizuho_sc/info/MH100324/,大阪府寝屋川市香里南之町20-3 みずほ銀行香里支店2階ロビー内,072-841-8276,572-0084,大阪府
東大阪支店,https://shop.www.mizuho-sc.com/b/mizuho_sc/info/MH100060/,大阪府東大阪市長堂2-16-11 みずほ銀行東大阪支店1階,06-6618-1080,577-0056,大阪府
神戸支店,https://shop.www.mizuho-sc.com/b/mizuho_sc/info/MH100275/,兵庫県神戸市中央区三宮町1-3-1 みずほ銀行神戸支店9階,078-331-4621,650-0021,兵庫県
姫路支店,https://shop.www.mizuho-sc.com/b/mizuho_sc/info/MH100065/,兵庫県姫路市紺屋町55 みずほ銀行姫路支店1階,079-282-1234,670-0924,兵庫県
尼崎支店,https://shop.www.mizuho-sc.com/b/mizuho_sc/info/MH100278/,兵庫県尼崎市昭和通3-87 みずほ銀行尼崎支店2階,06-6411-1521,660-0881,兵庫県
明石支店,https://shop.www.mizuho-sc.com/b/mizuho_sc/info/MH100066/,兵庫県明石市大明石町1-5-1 みずほ銀行明石支店1階,078-918-2277,673-0891,兵庫県
西宮支店,https://shop.www.mizuho-sc.com/b/mizuho_sc/info/MH100064/,兵庫県西宮市甲風園1-9-4,0798-63-5820,662-0832,兵庫県
洲本支店,https://shop.www.mizuho-sc.com/b/mizuho_sc/info/MH100063/,兵庫県洲本市栄町2-3-22,0799-22-1010,656-0026,兵庫県
プラネットブース芦屋,https://shop.www.mizuho-sc.com/b/mizuho_sc/info/MH100279/,兵庫県芦屋市大原町10-1-102 みずほ銀行芦屋支店2階ロビー内,0798-63-5826,659-0092,兵庫県
西脇支店,https://shop.www.mizuho-sc.com/b/mizuho_sc/info/MH100067/,兵庫県西脇市西脇990,0795-22-2672,677-0015,兵庫県
奈良支店,https://shop.www.mizuho-sc.com/b/mizuho_sc/info/MH100068/,奈良県奈良市上三条町13-1 みずほ銀行奈良支店1階,0742-23-1221,630-8228,奈良県
高田支店,https://shop.www.mizuho-sc.com/b/mizuho_sc/info/MH100069/,奈良県大和高田市礒野東町1-7,0745-22-1121,635-0061,奈良県
和歌山支店,https://shop.www.mizuho-sc.com/b/mizuho_sc/info/MH100070/,和歌山県和歌山市美園町3-32-1 損保ジャパン和歌山ビル2階,073-431-1221,640-8331,和歌山県
田辺支店,https://shop.www.mizuho-sc.com/b/mizuho_sc/info/MH100071/,和歌山県田辺市朝日ヶ丘24-20,0739-22-5100,646-0027,和歌山県
松江支店,https://shop.www.mizuho-sc.com/b/mizuho_sc/info/MH100072/,島根県松江市朝日町477-17 みずほ銀行松江支店1階,0852-23-1800,690-0003,島根県
プラネットブース岡山,https://shop.www.mizuho-sc.com/b/mizuho_sc/info/MH100291/,岡山県岡山市北区錦町1-1 みずほ銀行岡山支店1階ロビー内,086-224-3227,700-0902,岡山県
岡山支店,https://shop.www.mizuho-sc.com/b/mizuho_sc/info/MH100073/,岡山県岡山市北区駅前町1-8-1,086-224-3161,700-0023,岡山県
広島支店,https://shop.www.mizuho-sc.com/b/mizuho_sc/info/MH100288/,広島県広島市中区紙屋町2-1-1 みずほ銀行広島支店5階,082-243-2610,730-0031,広島県
福山支店,https://shop.www.mizuho-sc.com/b/mizuho_sc/info/MH100075/,広島県福山市延広町1-23 みずほ銀行福山支店1階,084-922-2520,720-0064,広島県
宇部支店,https://shop.www.mizuho-sc.com/b/mizuho_sc/info/MH100078/,山口県宇部市相生町9-8,0836-31-2255,755-0043,山口県
柳井支店,https://shop.www.mizuho-sc.com/b/mizuho_sc/info/MH100077/,山口県柳井市中央2-10-1,0820-22-2311,742-0035,山口県
徳島支店,https://shop.www.mizuho-sc.com/b/mizuho_sc/info/MH100079/,徳島県徳島市寺島本町西1-7-1 みずほ銀行徳島支店1階,088-653-4111,770-0831,徳島県
高松支店,https://shop.www.mizuho-sc.com/b/mizuho_sc/info/MH100080/,香川県高松市番町1-6-8 みずほ銀行高松支店3階,087-851-7100,760-0017,香川県
松山支店,https://shop.www.mizuho-sc.com/b/mizuho_sc/info/MH100081/,愛媛県松山市千舟町3-3-1 みずほ銀行松山支店1階,089-921-8141,790-0011,愛媛県
今治支店,https://shop.www.mizuho-sc.com/b/mizuho_sc/info/MH100292/,愛媛県今治市別宮町1-3-3 みずほ銀行今治支店1階,0898-32-4300,794-0026,愛媛県
北九州支店,https://shop.www.mizuho-sc.com/b/mizuho_sc/info/MH100083/,福岡県北九州市小倉北区京町1-4-17 みずほ銀行北九州支店5階,093-531-1631,802-0002,福岡県
福岡支店,https://shop.www.mizuho-sc.com/b/mizuho_sc/info/MH100300/,福岡県福岡市中央区天神1-13-1 みずほ銀行福岡支店4階,092-741-1961,810-0001,福岡県
大牟田支店,https://shop.www.mizuho-sc.com/b/mizuho_sc/info/MH100085/,福岡県大牟田市有明町1-2-7,0944-52-8201,836-0842,福岡県
佐賀支店,https://shop.www.mizuho-sc.com/b/mizuho_sc/info/MH100304/,佐賀県佐賀市中央本町2-23 みずほ銀行佐賀支店1階,0952-26-2111,840-0825,佐賀県
長崎支店,https://shop.www.mizuho-sc.com/b/mizuho_sc/info/MH100087/,長崎県長崎市浜町3-28 みずほ銀行長崎支店1階,095-823-1204,850-0853,長崎県
佐世保支店,https://shop.www.mizuho-sc.com/b/mizuho_sc/info/MH100088/,長崎県佐世保市常盤町3-2,0956-23-1181,857-0053,長崎県
熊本支店,https://shop.www.mizuho-sc.com/b/mizuho_sc/info/MH100089/,熊本県熊本市中央区花畑町12-1,096-356-2311,860-0806,熊本県
プラネットブース熊本,https://shop.www.mizuho-sc.com/b/mizuho_sc/info/MH100302/,熊本県熊本市中央区花畑町3-8 みずほ銀行熊本支店1階ロビー内,096-356-8507,860-0806,熊本県
宮崎営業所（法人のお客さま向け営業所）,https://shop.www.mizuho-sc.com/b/mizuho_sc/info/MH100341/,宮崎県宮崎市橘通東4-1-7 みずほ銀行宮崎支店2階,0985-61-1705,880-0805,宮崎県
鹿児島支店,https://shop.www.mizuho-sc.com/b/mizuho_sc/info/MH100303/,鹿児島県鹿児島市金生町7-3 みずほ銀行鹿児島支店1階,099-227-2511,892-0828,鹿児島県
