支店名,地域,住所,詳細URL
青葉台駅前支店,神奈川県,〒227-0062　神奈川県横浜市青葉区青葉台１－６－１２,https://map.bk.mufg.jp/b/bk_mufg/info/BA592044/
青葉台支店,神奈川県,〒227-0062　神奈川県横浜市青葉区青葉台１－６－１２,https://map.bk.mufg.jp/b/bk_mufg/info/BA590091/
青山支店,東京都,〒107-0061　東京都港区北青山３－６－１,https://map.bk.mufg.jp/b/bk_mufg/info/BA590387/
青山通支店,東京都,〒107-0062　東京都港区南青山１－１－１,https://map.bk.mufg.jp/b/bk_mufg/info/BA592039/
赤坂支店,東京都,〒107-0062　東京都港区南青山１－１－１,https://map.bk.mufg.jp/b/bk_mufg/info/BA590303/
赤坂見附支店,東京都,〒107-0062　東京都港区南青山１－１－１,https://map.bk.mufg.jp/b/bk_mufg/info/BA592024/
明石支店,　兵庫県,〒673-0891　兵庫県明石市大明石町１－７－４,https://map.bk.mufg.jp/b/bk_mufg/info/BA590363/
あかね支店,東京都,〒102-0083　東京都千代田区麹町５－１－１,https://map.bk.mufg.jp/b/bk_mufg/info/BA591884/
赤羽駅前支店,東京都,〒115-0045　東京都北区赤羽１－９－６,https://map.bk.mufg.jp/b/bk_mufg/info/BA592156/
赤羽支店,東京都,〒115-0045　東京都北区赤羽１－９－６,https://map.bk.mufg.jp/b/bk_mufg/info/BA590320/
昭島支店,東京都,〒190-0012　東京都立川市曙町２－１３－３,https://map.bk.mufg.jp/b/bk_mufg/info/BA592084/
秋葉原駅前支店,東京都,〒101-0045　東京都千代田区神田鍛冶町３－６－３,https://map.bk.mufg.jp/b/bk_mufg/info/BA590253/
秋葉原支店,東京都,〒101-0045　東京都千代田区神田鍛冶町３－６－３,https://map.bk.mufg.jp/b/bk_mufg/info/BA590396/
上尾支店,　埼玉県,〒362-0042　埼玉県上尾市谷津２－１－５０－３６,https://map.bk.mufg.jp/b/bk_mufg/info/BA592304/
あけぼの支店,東京都,〒102-0083　東京都千代田区麹町５－１－１,https://map.bk.mufg.jp/b/bk_mufg/info/BA591913/
阿佐ケ谷駅前支店,東京都,〒166-0001　東京都杉並区阿佐谷北１－５－３,https://map.bk.mufg.jp/b/bk_mufg/info/BA590105/
阿佐ヶ谷支店,東京都,〒166-0001　東京都杉並区阿佐谷北１－５－３,https://map.bk.mufg.jp/b/bk_mufg/info/BA592127/
あさぎり支店,東京都,〒102-0083　東京都千代田区麹町５－１－１,https://map.bk.mufg.jp/b/bk_mufg/info/BA591894/
浅草支店,東京都,〒111-0032　東京都台東区浅草１－４－２,https://map.bk.mufg.jp/b/bk_mufg/info/BA590110/
浅草橋支店,東京都,〒111-0052　東京都台東区柳橋１－２３－６,https://map.bk.mufg.jp/b/bk_mufg/info/BA592030/
麻布支店,東京都,〒106-0045　東京都港区麻布十番１－１０－３,https://map.bk.mufg.jp/b/bk_mufg/info/BA590130/
芦屋北支店,　兵庫県,〒659-0092　兵庫県芦屋市大原町１２－２６,https://map.bk.mufg.jp/b/bk_mufg/info/BA592499/
芦屋支店,　兵庫県,〒659-0092　兵庫県芦屋市大原町１２－２６,https://map.bk.mufg.jp/b/bk_mufg/info/BA590361/
厚木支店,神奈川県,〒243-0018　神奈川県厚木市中町２－１０－１０,https://map.bk.mufg.jp/b/bk_mufg/info/BA590470/
熱田支店,　愛知県,〒460-0022　愛知県名古屋市中区金山１－１４－１８,https://map.bk.mufg.jp/b/bk_mufg/info/BA592393/
あびこ支店,大阪府,〒558-0055　大阪府大阪市住吉区万代２－１－１,https://map.bk.mufg.jp/b/bk_mufg/info/BA590128/
阿倍野橋支店,大阪府,〒545-0052　大阪府大阪市阿倍野区阿倍野筋１－５－１０,https://map.bk.mufg.jp/b/bk_mufg/info/BA590157/
阿倍野橋西支店,大阪府,〒545-0052　大阪府大阪市阿倍野区阿倍野筋１－５－１０,https://map.bk.mufg.jp/b/bk_mufg/info/BA592479/
尼崎駅前支店,　兵庫県,〒660-0893　兵庫県尼崎市西難波町４－６－２５,https://map.bk.mufg.jp/b/bk_mufg/info/BA592494/
尼崎支店,　兵庫県,〒660-0893　兵庫県尼崎市西難波町４－６－２５,https://map.bk.mufg.jp/b/bk_mufg/info/BA590292/
新瑞橋支店,　愛知県,〒467-0806　愛知県名古屋市瑞穂区瑞穂通８－１０,https://map.bk.mufg.jp/b/bk_mufg/info/BA590061/
淡路支店,大阪府,〒533-0032　大阪府大阪市東淀川区淡路４－４－１５,https://map.bk.mufg.jp/b/bk_mufg/info/BA590172/
安城支店,　愛知県,〒446-0032　愛知県安城市御幸本町６－１,https://map.bk.mufg.jp/b/bk_mufg/info/BA590449/
飯田橋支店,東京都,〒162-0825　東京都新宿区神楽坂３－７,https://map.bk.mufg.jp/b/bk_mufg/info/BA590193/
生野支店,大阪府,〒537-0012　大阪府大阪市東成区大今里３－１５－１８,https://map.bk.mufg.jp/b/bk_mufg/info/BA590169/
池上支店,東京都,〒144-0052　東京都大田区蒲田５－１２－６,https://map.bk.mufg.jp/b/bk_mufg/info/BA592066/
池田支店,大阪府,〒563-0056　大阪府池田市栄町１０－７,https://map.bk.mufg.jp/b/bk_mufg/info/BA590257/
池袋支店,東京都,〒171-0022　東京都豊島区南池袋２－２８－１０,https://map.bk.mufg.jp/b/bk_mufg/info/BA590213/
池袋西口支店,東京都,〒171-0022　東京都豊島区南池袋２－２８－１０,https://map.bk.mufg.jp/b/bk_mufg/info/BA590255/
池袋東口支店,東京都,〒171-0022　東京都豊島区南池袋２－２８－１０,https://map.bk.mufg.jp/b/bk_mufg/info/BA592151/
石川橋支店,　愛知県,〒466-0842　愛知県名古屋市昭和区檀溪通５－２５,https://map.bk.mufg.jp/b/bk_mufg/info/BA590353/
泉ケ丘支店,大阪府,〒590-0115　大阪府堺市南区茶山台１－３－１,https://map.bk.mufg.jp/b/bk_mufg/info/BA590222/
泉佐野支店,大阪府,〒596-0054　大阪府岸和田市宮本町１－８,https://map.bk.mufg.jp/b/bk_mufg/info/BA590092/
和泉支店,大阪府,〒596-0054　大阪府岸和田市宮本町１－８,https://map.bk.mufg.jp/b/bk_mufg/info/BA590232/
伊勢支店,　三重県,〒514-0028　三重県津市東丸之内２１－１０,https://map.bk.mufg.jp/b/bk_mufg/info/BA590457/
板橋支店,東京都,〒173-0004　東京都板橋区板橋４－１１－１,https://map.bk.mufg.jp/b/bk_mufg/info/BA590279/
伊丹支店,　兵庫県,〒664-0858　兵庫県伊丹市西台１－１－１,https://map.bk.mufg.jp/b/bk_mufg/info/BA590305/
市ヶ谷支店,東京都,〒102-0083　東京都千代田区麹町４－１,https://map.bk.mufg.jp/b/bk_mufg/info/BA591957/
市川駅前支店,　千葉県,〒272-0021　千葉県市川市八幡３－１－１６,https://map.bk.mufg.jp/b/bk_mufg/info/BA590377/
市川支店,　千葉県,〒272-0021　千葉県市川市八幡３－１－１６,https://map.bk.mufg.jp/b/bk_mufg/info/BA592528/
市川八幡支店,　千葉県,〒272-0021　千葉県市川市八幡３－１－１６,https://map.bk.mufg.jp/b/bk_mufg/info/BA590264/
一宮支店,　愛知県,〒491-0859　愛知県一宮市本町３－１１－１,https://map.bk.mufg.jp/b/bk_mufg/info/BA590440/
一宮東支店,　愛知県,〒491-0859　愛知県一宮市本町３－１１－１,https://map.bk.mufg.jp/b/bk_mufg/info/BA590311/
いちょう支店,東京都,〒102-0083　東京都千代田区麹町５－１－１,https://map.bk.mufg.jp/b/bk_mufg/info/BA591912/
稲沢支店,　愛知県,〒492-8208　愛知県稲沢市松下１－６－１,https://map.bk.mufg.jp/b/bk_mufg/info/BA590355/
犬山支店,　愛知県,〒484-0083　愛知県犬山市大字犬山字東古券３１３－６,https://map.bk.mufg.jp/b/bk_mufg/info/BA590158/
猪子石支店,　愛知県,〒464-0802　愛知県名古屋市千種区星が丘元町１４－２５,https://map.bk.mufg.jp/b/bk_mufg/info/BA590404/
茨木駅前支店,大阪府,〒567-0829　大阪府茨木市双葉町１３－２３,https://map.bk.mufg.jp/b/bk_mufg/info/BA592486/
茨木支店,大阪府,〒567-0829　大阪府茨木市双葉町１３－２３,https://map.bk.mufg.jp/b/bk_mufg/info/BA590088/
茨木西支店,大阪府,〒567-0032　大阪府茨木市西駅前町５－３８,https://map.bk.mufg.jp/b/bk_mufg/info/BA590117/
今池支店,　愛知県,〒464-0850　愛知県名古屋市千種区今池１－９－１０,https://map.bk.mufg.jp/b/bk_mufg/info/BA590422/
今里北支店,大阪府,〒537-0012　大阪府大阪市東成区大今里３－１５－１８,https://map.bk.mufg.jp/b/bk_mufg/info/BA592476/
今里支店,大阪府,〒537-0012　大阪府大阪市東成区大今里３－１５－１８,https://map.bk.mufg.jp/b/bk_mufg/info/BA590155/
入間支店,　埼玉県,〒359-1123　埼玉県所沢市日吉町１１－１９,https://map.bk.mufg.jp/b/bk_mufg/info/BA590386/
岩倉支店,　愛知県,〒452-0821　愛知県名古屋市西区上小田井２－３５７,https://map.bk.mufg.jp/b/bk_mufg/info/BA590371/
磐田支店,　静岡県,〒430-0935　静岡県浜松市中央区伝馬町３１１－１４,https://map.bk.mufg.jp/b/bk_mufg/info/BA590398/
インターネット支店,東京都,〒169-0074　東京都新宿区北新宿１－１－１９,https://map.bk.mufg.jp/b/bk_mufg/info/BA591887/
植田支店,　愛知県,〒468-0061　愛知県名古屋市天白区八事天道３１８,https://map.bk.mufg.jp/b/bk_mufg/info/BA590273/
上野支店,東京都,〒110-0005　東京都台東区上野６－１－１４,https://map.bk.mufg.jp/b/bk_mufg/info/BA590197/
上野中央支店,東京都,〒110-0005　東京都台東区上野６－１－１４,https://map.bk.mufg.jp/b/bk_mufg/info/BA592028/
上本町支店,大阪府,〒542-0063　大阪府大阪市中央区東平２－４－７,https://map.bk.mufg.jp/b/bk_mufg/info/BA590125/
上町支店,大阪府,〒540-0012　大阪府大阪市中央区谷町２－６－５,https://map.bk.mufg.jp/b/bk_mufg/info/BA590175/
上六支店,大阪府,〒542-0063　大阪府大阪市中央区東平２－４－７,https://map.bk.mufg.jp/b/bk_mufg/info/BA592471/
うぐいす支店,東京都,〒102-0083　東京都千代田区麹町５－１－１,https://map.bk.mufg.jp/b/bk_mufg/info/BA834070/
宇治大久保支店,京都府,〒612-8058　京都府京都市伏見区風呂屋町２７６,https://map.bk.mufg.jp/b/bk_mufg/info/BA590221/
歌島橋支店,大阪府,〒553-0006　大阪府大阪市福島区吉野３－２７－１９,https://map.bk.mufg.jp/b/bk_mufg/info/BA590099/
内田橋支店,　愛知県,〒457-0862　愛知県名古屋市南区内田橋１－２－１１,https://map.bk.mufg.jp/b/bk_mufg/info/BA590225/
宇部支店,　山口県,〒755-0031　山口県宇部市常盤町１－６－３４,https://map.bk.mufg.jp/b/bk_mufg/info/BA590235/
うみかぜ支店,東京都,〒102-0083　東京都千代田区麹町５－１－１,https://map.bk.mufg.jp/b/bk_mufg/info/BA591890/
梅田支店,大阪府,〒530-0017　大阪府大阪市北区角田町８－４７,https://map.bk.mufg.jp/b/bk_mufg/info/BA590182/
梅田新道支店,大阪府,〒541-8530　大阪府大阪市中央区伏見町３－５－６,https://map.bk.mufg.jp/b/bk_mufg/info/BA590080/
梅田中央支店,大阪府,〒530-0017　大阪府大阪市北区角田町８－４７,https://map.bk.mufg.jp/b/bk_mufg/info/BA592461/
浦安駅前支店,　千葉県,〒279-0002　千葉県浦安市北栄１－１７－１１,https://map.bk.mufg.jp/b/bk_mufg/info/BA590230/
浦安支店,　千葉県,〒279-0002　千葉県浦安市北栄１－１７－１１,https://map.bk.mufg.jp/b/bk_mufg/info/BA592386/
浦和支店,　埼玉県,〒330-0063　埼玉県さいたま市浦和区高砂２－１－１,https://map.bk.mufg.jp/b/bk_mufg/info/BA592553/
永福町駅前支店,東京都,〒168-0063　東京都杉並区和泉３－５－１,https://map.bk.mufg.jp/b/bk_mufg/info/BA592562/
永福町支店,東京都,〒168-0063　東京都杉並区和泉３－５－１,https://map.bk.mufg.jp/b/bk_mufg/info/BA590275/
江古田支店,東京都,〒176-0011　東京都練馬区豊玉上２－２７－１８,https://map.bk.mufg.jp/b/bk_mufg/info/BA592178/
江坂駅前支店,大阪府,〒564-0063　大阪府吹田市江坂町１－１３－２１－１０１,https://map.bk.mufg.jp/b/bk_mufg/info/BA592492/
江坂支店,大阪府,〒564-0063　大阪府吹田市江坂町１－１３－２１－１０１,https://map.bk.mufg.jp/b/bk_mufg/info/BA590216/
江戸川橋支店,東京都,〒162-0825　東京都新宿区神楽坂３－７,https://map.bk.mufg.jp/b/bk_mufg/info/BA592014/
荏原支店,東京都,〒141-0031　東京都品川区西五反田２－１９－３,https://map.bk.mufg.jp/b/bk_mufg/info/BA590196/
恵比寿支店,東京都,〒150-0021　東京都渋谷区恵比寿西１－８－６,https://map.bk.mufg.jp/b/bk_mufg/info/BA592102/
海老名支店,神奈川県,〒243-0438　神奈川県海老名市めぐみ町２－２,https://map.bk.mufg.jp/b/bk_mufg/info/BA592394/
王子駅前支店,東京都,〒114-0002　東京都北区王子１－１０－１８,https://map.bk.mufg.jp/b/bk_mufg/info/BA590266/
王子支店,東京都,〒114-0002　東京都北区王子１－１０－１８,https://map.bk.mufg.jp/b/bk_mufg/info/BA592153/
大井支店,東京都,〒140-0014　東京都品川区大井１－６－８,https://map.bk.mufg.jp/b/bk_mufg/info/BA592526/
大泉学園支店,東京都,〒178-0063　東京都練馬区東大泉４－２－１２,https://map.bk.mufg.jp/b/bk_mufg/info/BA592111/
大泉支店,東京都,〒178-0063　東京都練馬区東大泉４－２－１２,https://map.bk.mufg.jp/b/bk_mufg/info/BA590094/
大井町支店,東京都,〒140-0014　東京都品川区大井１－６－８,https://map.bk.mufg.jp/b/bk_mufg/info/BA590203/
大垣支店,　岐阜県,〒503-0887　岐阜県大垣市郭町１－８,https://map.bk.mufg.jp/b/bk_mufg/info/BA590420/
大久保支店,東京都,〒163-1533　東京都新宿区西新宿１－６－１,https://map.bk.mufg.jp/b/bk_mufg/info/BA590276/
大倉山支店,神奈川県,〒222-0033　神奈川県横浜市港北区新横浜３－７－１７,https://map.bk.mufg.jp/b/bk_mufg/info/BA592326/
大阪営業部,大阪府,〒541-8530　大阪府大阪市中央区伏見町３－５－６,https://map.bk.mufg.jp/b/bk_mufg/info/BA590166/
大阪駅前支店,大阪府,〒530-0017　大阪府大阪市北区角田町８－４７,https://map.bk.mufg.jp/b/bk_mufg/info/BA590154/
大阪恵美須支店,大阪府,〒542-0076　大阪府大阪市中央区難波５－１－６０,https://map.bk.mufg.jp/b/bk_mufg/info/BA590176/
大阪為替集中店,東京都,〒102-0083　東京都千代田区麹町５－１－１,https://map.bk.mufg.jp/b/bk_mufg/info/BA591881/
大阪京橋支店,大阪府,〒534-0024　大阪府大阪市都島区東野田町２－４－１３,https://map.bk.mufg.jp/b/bk_mufg/info/BA590473/
大阪公務部,大阪府,〒541-8530　大阪府大阪市中央区伏見町３－５－６,https://map.bk.mufg.jp/b/bk_mufg/info/BA590219/
大阪中央支店,大阪府,〒541-8530　大阪府大阪市中央区伏見町３－５－６,https://map.bk.mufg.jp/b/bk_mufg/info/BA592450/
大阪西支店,大阪府,〒550-0011　大阪府大阪市西区阿波座１－７－１７,https://map.bk.mufg.jp/b/bk_mufg/info/BA592474/
大阪ポートタウン支店,大阪府,〒551-0031　大阪府大阪市大正区泉尾１－３－１,https://map.bk.mufg.jp/b/bk_mufg/info/BA590144/
大曽根支店,　愛知県,〒461-0025　愛知県名古屋市東区徳川１－１５－３０,https://map.bk.mufg.jp/b/bk_mufg/info/BA590100/
大塚支店,東京都,〒170-0005　東京都豊島区南大塚３－５３－１１,https://map.bk.mufg.jp/b/bk_mufg/info/BA592146/
大津町支店,　愛知県,〒460-0003　愛知県名古屋市中区錦３－４－６,https://map.bk.mufg.jp/b/bk_mufg/info/BA590119/
大伝馬町支店,東京都,〒103-0011　東京都中央区日本橋大伝馬町８－１,https://map.bk.mufg.jp/b/bk_mufg/info/BA591973/
大府支店,　愛知県,〒474-0025　愛知県大府市中央町３－５９,https://map.bk.mufg.jp/b/bk_mufg/info/BA590442/
大船支店,神奈川県,〒251-0052　神奈川県藤沢市藤沢１１３－１,https://map.bk.mufg.jp/b/bk_mufg/info/BA590269/
大美野支店,大阪府,〒599-8123　大阪府堺市東区北野田１０７７－１０９,https://map.bk.mufg.jp/b/bk_mufg/info/BA590111/
大宮駅前支店,　埼玉県,〒330-0845　埼玉県さいたま市大宮区仲町２－９,https://map.bk.mufg.jp/b/bk_mufg/info/BA592300/
大宮支店,　埼玉県,〒330-0845　埼玉県さいたま市大宮区仲町２－９,https://map.bk.mufg.jp/b/bk_mufg/info/BA590312/
大森駅前支店,東京都,〒143-0016　東京都大田区大森北１－２－３,https://map.bk.mufg.jp/b/bk_mufg/info/BA590426/
大森支店,東京都,〒143-0016　東京都大田区大森北１－２－３,https://map.bk.mufg.jp/b/bk_mufg/info/BA592062/
大山駅前支店,東京都,〒173-0023　東京都板橋区大山町２４－３,https://map.bk.mufg.jp/b/bk_mufg/info/BA590369/
大山支店,東京都,〒173-0023　東京都板橋区大山町２４－３,https://map.bk.mufg.jp/b/bk_mufg/info/BA592172/
大和田支店,大阪府,〒571-0030　大阪府門真市末広町７－８,https://map.bk.mufg.jp/b/bk_mufg/info/BA590103/
岡崎駅前支店,　愛知県,〒444-0051　愛知県岡崎市本町通１－７,https://map.bk.mufg.jp/b/bk_mufg/info/BA590234/
岡崎支店,　愛知県,〒444-0051　愛知県岡崎市本町通１－７,https://map.bk.mufg.jp/b/bk_mufg/info/BA590395/
岡三証券振込支店,東京都,〒102-0083　東京都千代田区麹町５－１－１,https://map.bk.mufg.jp/b/bk_mufg/info/BA591916/
岡本駅前支店,　兵庫県,〒658-0051　兵庫県神戸市東灘区住吉本町１－２４－２５,https://map.bk.mufg.jp/b/bk_mufg/info/BA590283/
岡山駅前支店,　岡山県,〒700-0827　岡山県岡山市北区平和町１－１,https://map.bk.mufg.jp/b/bk_mufg/info/BA592518/
岡山支店,　岡山県,〒700-0827　岡山県岡山市北区平和町１－１,https://map.bk.mufg.jp/b/bk_mufg/info/BA590296/
荻窪駅前支店,東京都,〒167-0051　東京都杉並区荻窪５－２８－９,https://map.bk.mufg.jp/b/bk_mufg/info/BA590323/
荻窪支店,東京都,〒167-0051　東京都杉並区荻窪５－２８－９,https://map.bk.mufg.jp/b/bk_mufg/info/BA592129/
押上駅前支店,東京都,〒130-0002　東京都墨田区業平３－１４－５,https://map.bk.mufg.jp/b/bk_mufg/info/BA590288/
押上支店,東京都,〒130-0002　東京都墨田区業平３－１４－５,https://map.bk.mufg.jp/b/bk_mufg/info/BA592036/
小田井支店,　愛知県,〒452-0821　愛知県名古屋市西区上小田井２－３５７,https://map.bk.mufg.jp/b/bk_mufg/info/BA590366/
尾頭橋支店,　愛知県,〒454-0012　愛知県名古屋市中川区尾頭橋２－１－２,https://map.bk.mufg.jp/b/bk_mufg/info/BA590432/
表参道支店,東京都,〒107-0061　東京都港区北青山３－６－１,https://map.bk.mufg.jp/b/bk_mufg/info/BA592097/
尾山台支店,東京都,〒158-0082　東京都世田谷区等々力４－１２－１,https://map.bk.mufg.jp/b/bk_mufg/info/BA590124/
尾張旭支店,　愛知県,〒488-0803　愛知県尾張旭市東大道町山の内２４１０－１,https://map.bk.mufg.jp/b/bk_mufg/info/BA590070/
尾張新川支店,　愛知県,〒490-1111　愛知県あま市甚目寺五位田１２８,https://map.bk.mufg.jp/b/bk_mufg/info/BA590343/
学園前北口支店,　奈良県,〒631-0036　奈良県奈良市学園北１－９－１,https://map.bk.mufg.jp/b/bk_mufg/info/BA592457/
覚王山支店,　愛知県,〒464-0841　愛知県名古屋市千種区覚王山通９－１３,https://map.bk.mufg.jp/b/bk_mufg/info/BA590236/
学芸大学駅前支店,東京都,〒152-0004　東京都目黒区鷹番２－１９－２４,https://map.bk.mufg.jp/b/bk_mufg/info/BA592110/
神楽坂支店,東京都,〒162-0825　東京都新宿区神楽坂３－７,https://map.bk.mufg.jp/b/bk_mufg/info/BA592003/
葛西支店,東京都,〒134-0088　東京都江戸川区西葛西６－１５－１,https://map.bk.mufg.jp/b/bk_mufg/info/BA590336/
笠寺支店,　愛知県,〒467-0862　愛知県名古屋市瑞穂区堀田通８－２７,https://map.bk.mufg.jp/b/bk_mufg/info/BA590277/
橿原支店,　奈良県,〒634-0078　奈良県橿原市八木町１－８－２２,https://map.bk.mufg.jp/b/bk_mufg/info/BA590145/
柏支店,　千葉県,〒277-0005　千葉県柏市柏１－２－５,https://map.bk.mufg.jp/b/bk_mufg/info/BA590268/
柏中央支店,　千葉県,〒277-0005　千葉県柏市柏１－２－５,https://map.bk.mufg.jp/b/bk_mufg/info/BA592280/
春日井支店,　愛知県,〒486-0844　愛知県春日井市鳥居松町５－８３,https://map.bk.mufg.jp/b/bk_mufg/info/BA590321/
春日町支店,東京都,〒112-0002　東京都文京区小石川１－１－１,https://map.bk.mufg.jp/b/bk_mufg/info/BA592018/
春日部駅前支店,　埼玉県,〒344-0062　埼玉県春日部市粕壁東１－１－３,https://map.bk.mufg.jp/b/bk_mufg/info/BA590250/
春日部支店,　埼玉県,〒344-0062　埼玉県春日部市粕壁東１－１－３,https://map.bk.mufg.jp/b/bk_mufg/info/BA592538/
交野支店,大阪府,〒573-0032　大阪府枚方市岡東町１２－２,https://map.bk.mufg.jp/b/bk_mufg/info/BA592493/
勝川支店,　愛知県,〒486-0844　愛知県春日井市鳥居松町５－８３,https://map.bk.mufg.jp/b/bk_mufg/info/BA590067/
葛飾支店,東京都,〒133-0057　東京都江戸川区西小岩１－２３－１４,https://map.bk.mufg.jp/b/bk_mufg/info/BA590241/
門真支店,大阪府,〒571-0030　大阪府門真市末広町７－８,https://map.bk.mufg.jp/b/bk_mufg/info/BA592485/
金沢支店,　石川県,〒920-0961　石川県金沢市香林坊２－３－２５,https://map.bk.mufg.jp/b/bk_mufg/info/BA592443/
金沢中央支店,　石川県,〒920-0961　石川県金沢市香林坊２－３－２５,https://map.bk.mufg.jp/b/bk_mufg/info/BA590330/
金沢文庫駅前支店,神奈川県,〒236-0042　神奈川県横浜市金沢区釜利谷東２－１－２,https://map.bk.mufg.jp/b/bk_mufg/info/BA592324/
金沢文庫支店,神奈川県,〒236-0042　神奈川県横浜市金沢区釜利谷東２－１－２,https://map.bk.mufg.jp/b/bk_mufg/info/BA590351/
金町支店,東京都,〒125-0061　東京都葛飾区亀有３－２３－１,https://map.bk.mufg.jp/b/bk_mufg/info/BA592390/
金山支店,　愛知県,〒460-0022　愛知県名古屋市中区金山１－１４－１８,https://map.bk.mufg.jp/b/bk_mufg/info/BA590237/
蟹江支店,　愛知県,〒497-0040　愛知県海部郡蟹江町城４－５６２,https://map.bk.mufg.jp/b/bk_mufg/info/BA590322/
カブドットコム支店,東京都,〒169-0074　東京都新宿区北新宿１－１－１９,https://map.bk.mufg.jp/b/bk_mufg/info/BA696803/
鎌ケ谷支店,　千葉県,〒273-0005　千葉県船橋市本町３－２－３,https://map.bk.mufg.jp/b/bk_mufg/info/BA592292/
鎌倉支店,神奈川県,〒248-0006　神奈川県鎌倉市小町１－５－４,https://map.bk.mufg.jp/b/bk_mufg/info/BA592246/
蒲郡支店,　愛知県,〒443-0043　愛知県蒲郡市元町１７－３,https://map.bk.mufg.jp/b/bk_mufg/info/BA590393/
蒲田駅前支店,東京都,〒144-0052　東京都大田区蒲田５－１２－６,https://map.bk.mufg.jp/b/bk_mufg/info/BA590306/
蒲田支店,東京都,〒144-0052　東京都大田区蒲田５－１２－６,https://map.bk.mufg.jp/b/bk_mufg/info/BA592068/
上飯田支店,　愛知県,〒461-0025　愛知県名古屋市東区徳川１－１５－３０,https://map.bk.mufg.jp/b/bk_mufg/info/BA590370/
上大岡支店,神奈川県,〒233-0002　神奈川県横浜市港南区上大岡西２－９－１,https://map.bk.mufg.jp/b/bk_mufg/info/BA592263/
上北沢支店,東京都,〒151-0073　東京都渋谷区笹塚１－５５－２,https://map.bk.mufg.jp/b/bk_mufg/info/BA592134/
上石神井支店,東京都,〒177-0044　東京都練馬区上石神井１－１３－１６,https://map.bk.mufg.jp/b/bk_mufg/info/BA590267/
上新庄支店,大阪府,〒533-0032　大阪府大阪市東淀川区淡路４－４－１５,https://map.bk.mufg.jp/b/bk_mufg/info/BA590127/
上永谷支店,神奈川県,〒233-0002　神奈川県横浜市港南区上大岡西２－９－１,https://map.bk.mufg.jp/b/bk_mufg/info/BA592328/
雷門支店,東京都,〒111-0032　東京都台東区浅草１－４－２,https://map.bk.mufg.jp/b/bk_mufg/info/BA592389/
上前津支店,　愛知県,〒460-0012　愛知県名古屋市中区千代田２－１５－１４,https://map.bk.mufg.jp/b/bk_mufg/info/BA590352/
亀有駅前支店,東京都,〒125-0061　東京都葛飾区亀有３－２３－１,https://map.bk.mufg.jp/b/bk_mufg/info/BA590298/
亀有支店,東京都,〒125-0061　東京都葛飾区亀有３－２３－１,https://map.bk.mufg.jp/b/bk_mufg/info/BA592514/
亀戸北口支店,東京都,〒130-0022　東京都墨田区江東橋４－１１－１,https://map.bk.mufg.jp/b/bk_mufg/info/BA592040/
亀戸支店,東京都,〒130-0022　東京都墨田区江東橋４－１１－１,https://map.bk.mufg.jp/b/bk_mufg/info/BA590207/
烏山支店,東京都,〒157-0062　東京都世田谷区南烏山４－１１－３,https://map.bk.mufg.jp/b/bk_mufg/info/BA590211/
刈谷支店,　愛知県,〒448-0845　愛知県刈谷市銀座４－２９,https://map.bk.mufg.jp/b/bk_mufg/info/BA590429/
川越支店,　埼玉県,〒350-0043　埼玉県川越市新富町１－２－７,https://map.bk.mufg.jp/b/bk_mufg/info/BA590132/
川崎駅前支店,神奈川県,〒210-0006　神奈川県川崎市川崎区砂子２－４－１３,https://map.bk.mufg.jp/b/bk_mufg/info/BA590220/
川崎支店,神奈川県,〒210-0006　神奈川県川崎市川崎区砂子２－４－１３,https://map.bk.mufg.jp/b/bk_mufg/info/BA592242/
河内長野支店,大阪府,〒586-0015　大阪府河内長野市本町２９－１６,https://map.bk.mufg.jp/b/bk_mufg/info/BA590261/
瓦町支店,大阪府,〒541-0048　大阪府大阪市中央区瓦町２－１－１,https://map.bk.mufg.jp/b/bk_mufg/info/BA590122/
関西中央支店,東京都,〒102-0083　東京都千代田区麹町５－１－１,https://map.bk.mufg.jp/b/bk_mufg/info/BA591883/
神田駅前支店,東京都,〒101-0045　東京都千代田区神田鍛冶町３－６－３,https://map.bk.mufg.jp/b/bk_mufg/info/BA591946/
神田支店,東京都,〒101-0045　東京都千代田区神田鍛冶町３－６－３,https://map.bk.mufg.jp/b/bk_mufg/info/BA590150/
ききょう支店,東京都,〒102-0083　東京都千代田区麹町５－１－１,https://map.bk.mufg.jp/b/bk_mufg/info/BA834071/
きさらぎ支店,東京都,〒102-0083　東京都千代田区麹町５－１－１,https://map.bk.mufg.jp/b/bk_mufg/info/BA591910/
木更津支店,　千葉県,〒260-8636　千葉県千葉市中央区富士見２－３－１,https://map.bk.mufg.jp/b/bk_mufg/info/BA592554/
岸和田支店,大阪府,〒596-0054　大阪府岸和田市宮本町１－８,https://map.bk.mufg.jp/b/bk_mufg/info/BA590185/
木曽川支店,　愛知県,〒491-0859　愛知県一宮市本町３－１１－１,https://map.bk.mufg.jp/b/bk_mufg/info/BA590326/
北岡崎支店,　愛知県,〒444-0051　愛知県岡崎市本町通１－７,https://map.bk.mufg.jp/b/bk_mufg/info/BA590428/
北九州支店,　福岡県,〒802-0006　福岡県北九州市小倉北区魚町１－６－１６,https://map.bk.mufg.jp/b/bk_mufg/info/BA592547/
北畠支店,大阪府,〒558-0055　大阪府大阪市住吉区万代２－１－１,https://map.bk.mufg.jp/b/bk_mufg/info/BA592481/
吉祥寺駅前支店,東京都,〒180-0004　東京都武蔵野市吉祥寺本町１－１５－２,https://map.bk.mufg.jp/b/bk_mufg/info/BA590307/
吉祥寺支店,東京都,〒180-0004　東京都武蔵野市吉祥寺本町１－１５－２,https://map.bk.mufg.jp/b/bk_mufg/info/BA592195/
木場深川支店,東京都,〒135-0016　東京都江東区東陽４－２－１４,https://map.bk.mufg.jp/b/bk_mufg/info/BA590391/
岐阜支店,　岐阜県,〒500-8833　岐阜県岐阜市神田町９－１９,https://map.bk.mufg.jp/b/bk_mufg/info/BA590427/
キャッスルタウン支店,東京都,〒169-0074　東京都新宿区北新宿１－１－１９,https://map.bk.mufg.jp/b/bk_mufg/info/BA716331/
経堂支店,東京都,〒156-0051　東京都世田谷区宮坂３－１－４２,https://map.bk.mufg.jp/b/bk_mufg/info/BA592047/
京都駅前支店,京都府,〒600-8216　京都府京都市下京区塩小路通烏丸西入東塩小路町６１４,https://map.bk.mufg.jp/b/bk_mufg/info/BA590245/
行徳支店,　千葉県,〒279-0002　千葉県浦安市北栄１－１７－１１,https://map.bk.mufg.jp/b/bk_mufg/info/BA592294/
京都支店,京都府,〒600-8008　京都府京都市下京区四条通烏丸東入長刀鉾町１０,https://map.bk.mufg.jp/b/bk_mufg/info/BA590331/
京都中央支店,京都府,〒600-8008　京都府京都市下京区四条通烏丸東入長刀鉾町１０,https://map.bk.mufg.jp/b/bk_mufg/info/BA592437/
京橋支店,東京都,〒104-0061　東京都中央区銀座１－７－３,https://map.bk.mufg.jp/b/bk_mufg/info/BA591966/
京橋中央支店,東京都,〒104-0061　東京都中央区銀座１－７－３,https://map.bk.mufg.jp/b/bk_mufg/info/BA590071/
きよなみ支店,東京都,〒102-0083　東京都千代田区麹町５－１－１,https://map.bk.mufg.jp/b/bk_mufg/info/BA591891/
銀座支店,東京都,〒104-0061　東京都中央区銀座８－９－１,https://map.bk.mufg.jp/b/bk_mufg/info/BA590115/
銀座通支店,東京都,〒104-0061　東京都中央区銀座８－９－１,https://map.bk.mufg.jp/b/bk_mufg/info/BA591970/
錦糸町駅前支店,東京都,〒130-0022　東京都墨田区江東橋４－１１－１,https://map.bk.mufg.jp/b/bk_mufg/info/BA590374/
錦糸町支店,東京都,〒130-0022　東京都墨田区江東橋４－１１－１,https://map.bk.mufg.jp/b/bk_mufg/info/BA592037/
近鉄学園前支店,　奈良県,〒631-0036　奈良県奈良市学園北１－９－１,https://map.bk.mufg.jp/b/bk_mufg/info/BA590299/
杭瀬支店,　兵庫県,〒660-0893　兵庫県尼崎市西難波町４－６－２５,https://map.bk.mufg.jp/b/bk_mufg/info/BA590293/
久我山駅前支店,東京都,〒168-0082　東京都杉並区久我山５－７－１７,https://map.bk.mufg.jp/b/bk_mufg/info/BA592087/
久我山支店,東京都,〒168-0082　東京都杉並区久我山５－７－１７,https://map.bk.mufg.jp/b/bk_mufg/info/BA590059/
草津支店,　滋賀県,〒525-0032　滋賀県草津市大路１－１４－６,https://map.bk.mufg.jp/b/bk_mufg/info/BA590289/
九条支店,大阪府,〒550-0011　大阪府大阪市西区阿波座１－７－１７,https://map.bk.mufg.jp/b/bk_mufg/info/BA590139/
くすのき支店,東京都,〒102-0083　東京都千代田区麹町５－１－１,https://map.bk.mufg.jp/b/bk_mufg/info/BA591911/
くずは支店,大阪府,〒573-1121　大阪府枚方市楠葉花園町１４－１０,https://map.bk.mufg.jp/b/bk_mufg/info/BA590163/
国立駅前支店,東京都,〒186-0001　東京都国立市北１－５－１４,https://map.bk.mufg.jp/b/bk_mufg/info/BA590342/
国立支店,東京都,〒186-0001　東京都国立市北１－５－１４,https://map.bk.mufg.jp/b/bk_mufg/info/BA592227/
熊本支店,　熊本県,〒860-0803　熊本県熊本市中央区新市街１－２６,https://map.bk.mufg.jp/b/bk_mufg/info/BA592552/
久米川支店,　埼玉県,〒359-1123　埼玉県所沢市日吉町１１－１９,https://map.bk.mufg.jp/b/bk_mufg/info/BA592217/
久留米支店,　福岡県,〒830-0017　福岡県久留米市日吉町２３－３,https://map.bk.mufg.jp/b/bk_mufg/info/BA590270/
黒川支店,　愛知県,〒451-0061　愛知県名古屋市西区浄心１－１－１,https://map.bk.mufg.jp/b/bk_mufg/info/BA590416/
桑名支店,　三重県,〒511-0079　三重県桑名市有楽町３６,https://map.bk.mufg.jp/b/bk_mufg/info/BA590431/
京阪京橋支店,大阪府,〒534-0024　大阪府大阪市都島区東野田町２－４－１３,https://map.bk.mufg.jp/b/bk_mufg/info/BA592458/
小岩支店,東京都,〒133-0057　東京都江戸川区西小岩１－２３－１４,https://map.bk.mufg.jp/b/bk_mufg/info/BA592190/
高円寺支店,東京都,〒166-0002　東京都杉並区高円寺北２－７－４,https://map.bk.mufg.jp/b/bk_mufg/info/BA592125/
公共第一支店,　愛知県,〒460-8660　愛知県名古屋市中区錦３－２１－２４,https://map.bk.mufg.jp/b/bk_mufg/info/BA591889/
公共第二支店,　愛知県,〒460-8660　愛知県名古屋市中区錦３－２１－２４,https://map.bk.mufg.jp/b/bk_mufg/info/BA671110/
甲子園支店,　兵庫県,〒663-8204　兵庫県西宮市高松町５－２２,https://map.bk.mufg.jp/b/bk_mufg/info/BA590359/
国府支店,　愛知県,〒442-8533　愛知県豊川市豊川栄町１８,https://map.bk.mufg.jp/b/bk_mufg/info/BA590451/
麹町支店,東京都,〒102-0083　東京都千代田区麹町４－１,https://map.bk.mufg.jp/b/bk_mufg/info/BA590233/
麹町中央支店,東京都,〒102-0083　東京都千代田区麹町４－１,https://map.bk.mufg.jp/b/bk_mufg/info/BA591959/
高蔵寺支店,　愛知県,〒487-0011　愛知県春日井市中央台１－２－２,https://map.bk.mufg.jp/b/bk_mufg/info/BA590367/
江南支店,　愛知県,〒483-8213　愛知県江南市古知野町朝日４６,https://map.bk.mufg.jp/b/bk_mufg/info/BA590068/
港南台支店,神奈川県,〒234-0054　神奈川県横浜市港南区港南台４－２－１,https://map.bk.mufg.jp/b/bk_mufg/info/BA592325/
鴻池新田支店,大阪府,〒578-0971　大阪府東大阪市鴻池本町１－１,https://map.bk.mufg.jp/b/bk_mufg/info/BA590134/
神戸支店,　兵庫県,〒650-0037　兵庫県神戸市中央区明石町４８,https://map.bk.mufg.jp/b/bk_mufg/info/BA592495/
神戸中央支店,　兵庫県,〒650-0037　兵庫県神戸市中央区明石町４８,https://map.bk.mufg.jp/b/bk_mufg/info/BA590295/
港北ニュータウン支店,神奈川県,〒224-0032　神奈川県横浜市都筑区茅ケ崎中央５－１,https://map.bk.mufg.jp/b/bk_mufg/info/BA592321/
光明池支店,大阪府,〒590-0115　大阪府堺市南区茶山台１－３－１,https://map.bk.mufg.jp/b/bk_mufg/info/BA590159/
香里支店,大阪府,〒572-0082　大阪府寝屋川市香里本通町８－３－１０１,https://map.bk.mufg.jp/b/bk_mufg/info/BA590333/
小金井支店,東京都,〒184-0004　東京都小金井市本町２－６－３,https://map.bk.mufg.jp/b/bk_mufg/info/BA592200/
国分寺駅前支店,東京都,〒185-0012　東京都国分寺市本町３－１０－２０,https://map.bk.mufg.jp/b/bk_mufg/info/BA590469/
国分寺支店,東京都,〒185-0012　東京都国分寺市本町３－１０－２０,https://map.bk.mufg.jp/b/bk_mufg/info/BA592482/
五香支店,　千葉県,〒271-0092　千葉県松戸市松戸１３０７－１,https://map.bk.mufg.jp/b/bk_mufg/info/BA592330/
小阪支店,大阪府,〒577-0036　大阪府東大阪市御厨栄町１－４－２,https://map.bk.mufg.jp/b/bk_mufg/info/BA592395/
越谷駅前支店,　埼玉県,〒343-0816　埼玉県越谷市弥生町１４－１５,https://map.bk.mufg.jp/b/bk_mufg/info/BA592305/
越谷支店,　埼玉県,〒343-0816　埼玉県越谷市弥生町１４－１５,https://map.bk.mufg.jp/b/bk_mufg/info/BA590224/
五反田駅前支店,東京都,〒141-0031　東京都品川区西五反田２－１９－３,https://map.bk.mufg.jp/b/bk_mufg/info/BA590338/
五反田支店,東京都,〒141-0031　東京都品川区西五反田２－１９－３,https://map.bk.mufg.jp/b/bk_mufg/info/BA592465/
こはる支店,東京都,〒102-0083　東京都千代田区麹町５－１－１,https://map.bk.mufg.jp/b/bk_mufg/info/BA591886/
小牧支店,　愛知県,〒485-0041　愛知県小牧市小牧４－２１０,https://map.bk.mufg.jp/b/bk_mufg/info/BA590408/
駒込支店,東京都,〒170-0003　東京都豊島区駒込２－３－１,https://map.bk.mufg.jp/b/bk_mufg/info/BA592016/
駒沢大学駅前支店,東京都,〒154-0012　東京都世田谷区駒沢１－４－１５,https://map.bk.mufg.jp/b/bk_mufg/info/BA592180/
小松川支店,東京都,〒132-0025　東京都江戸川区松江１－１－１,https://map.bk.mufg.jp/b/bk_mufg/info/BA592417/
小山支店,東京都,〒141-0021　東京都品川区上大崎３－１－１,https://map.bk.mufg.jp/b/bk_mufg/info/BA592054/
西院支店,京都府,〒615-0012　京都府京都市右京区西院高山寺町９,https://map.bk.mufg.jp/b/bk_mufg/info/BA592440/
堺駅前支店,大阪府,〒590-0028　大阪府堺市堺区三国ヶ丘御幸通５９－２,https://map.bk.mufg.jp/b/bk_mufg/info/BA592489/
堺支店,大阪府,〒590-0028　大阪府堺市堺区三国ヶ丘御幸通５９－２,https://map.bk.mufg.jp/b/bk_mufg/info/BA590204/
堺東支店,大阪府,〒590-0028　大阪府堺市堺区三国ヶ丘御幸通５９－２,https://map.bk.mufg.jp/b/bk_mufg/info/BA590153/
栄町支店,　愛知県,〒460-8660　愛知県名古屋市中区錦３－２１－２４,https://map.bk.mufg.jp/b/bk_mufg/info/BA590354/
坂戸支店,　埼玉県,〒350-0043　埼玉県川越市新富町１－２－７,https://map.bk.mufg.jp/b/bk_mufg/info/BA592319/
相模大野駅前支店,東京都,〒194-8558　東京都町田市原町田６－１１－１９,https://map.bk.mufg.jp/b/bk_mufg/info/BA592181/
相模大野支店,東京都,〒194-8558　東京都町田市原町田６－１１－１９,https://map.bk.mufg.jp/b/bk_mufg/info/BA590113/
相模原支店,神奈川県,〒252-0231　神奈川県相模原市中央区相模原３－１－１８,https://map.bk.mufg.jp/b/bk_mufg/info/BA592257/
相模原中央支店,神奈川県,〒252-0231　神奈川県相模原市中央区相模原３－１－１８,https://map.bk.mufg.jp/b/bk_mufg/info/BA590191/
鷺沼支店,神奈川県,〒216-0007　神奈川県川崎市宮前区小台１－１８－５,https://map.bk.mufg.jp/b/bk_mufg/info/BA590200/
笹島支店,　愛知県,〒450-6404　愛知県名古屋市中村区名駅３－２８－１２,https://map.bk.mufg.jp/b/bk_mufg/info/BA590309/
笹塚支店,東京都,〒151-0073　東京都渋谷区笹塚１－５５－２,https://map.bk.mufg.jp/b/bk_mufg/info/BA592107/
札幌支店,北海道,〒060-0042　北海道札幌市中央区大通西３－６,https://map.bk.mufg.jp/b/bk_mufg/info/BA592543/
札幌中央支店,北海道,〒060-0042　北海道札幌市中央区大通西３－６,https://map.bk.mufg.jp/b/bk_mufg/info/BA590074/
狭山支店,　埼玉県,〒359-1123　埼玉県所沢市日吉町１１－１９,https://map.bk.mufg.jp/b/bk_mufg/info/BA592409/
三軒茶屋支店,東京都,〒154-0024　東京都世田谷区三軒茶屋２－１１－１７,https://map.bk.mufg.jp/b/bk_mufg/info/BA590468/
さんだ支店,　兵庫県,〒665-0861　兵庫県宝塚市中山寺１－８－１４,https://map.bk.mufg.jp/b/bk_mufg/info/BA592448/
三宮支店,　兵庫県,〒651-0086　兵庫県神戸市中央区磯上通８－３－１０,https://map.bk.mufg.jp/b/bk_mufg/info/BA590358/
しおさい支店,東京都,〒102-0083　東京都千代田区麹町５－１－１,https://map.bk.mufg.jp/b/bk_mufg/info/BA591906/
四貫島支店,大阪府,〒553-0006　大阪府大阪市福島区吉野３－２７－１９,https://map.bk.mufg.jp/b/bk_mufg/info/BA590148/
志木駅前支店,　埼玉県,〒352-0001　埼玉県新座市東北２－３６－２４,https://map.bk.mufg.jp/b/bk_mufg/info/BA590192/
静岡支店,　静岡県,〒420-0857　静岡県静岡市葵区御幸町８,https://map.bk.mufg.jp/b/bk_mufg/info/BA592388/
静岡中央支店,　静岡県,〒420-0857　静岡県静岡市葵区御幸町８,https://map.bk.mufg.jp/b/bk_mufg/info/BA590472/
志津支店,　千葉県,〒275-0016　千葉県習志野市津田沼１－１０－５１,https://map.bk.mufg.jp/b/bk_mufg/info/BA590471/
品川駅前支店,東京都,〒108-0075　東京都港区港南２－１６－２,https://map.bk.mufg.jp/b/bk_mufg/info/BA592501/
信濃橋支店,大阪府,〒550-0011　大阪府大阪市西区阿波座１－７－１７,https://map.bk.mufg.jp/b/bk_mufg/info/BA590180/
柴田支店,　愛知県,〒457-0862　愛知県名古屋市南区内田橋１－２－１１,https://map.bk.mufg.jp/b/bk_mufg/info/BA590372/
渋谷支店,東京都,〒150-8967　東京都渋谷区道玄坂１－３－２,https://map.bk.mufg.jp/b/bk_mufg/info/BA592100/
渋谷中央支店,東京都,〒150-8967　東京都渋谷区道玄坂１－３－２,https://map.bk.mufg.jp/b/bk_mufg/info/BA590084/
渋谷明治通支店,東京都,〒150-8967　東京都渋谷区道玄坂１－３－２,https://map.bk.mufg.jp/b/bk_mufg/info/BA592427/
清水支店,　静岡県,〒420-0857　静岡県静岡市葵区御幸町８,https://map.bk.mufg.jp/b/bk_mufg/info/BA590464/
志村坂上支店,東京都,〒174-0051　東京都板橋区小豆沢２－１８－７,https://map.bk.mufg.jp/b/bk_mufg/info/BA590466/
志村支店,東京都,〒174-0051　東京都板橋区小豆沢２－１８－７,https://map.bk.mufg.jp/b/bk_mufg/info/BA592169/
下赤塚駅前支店,東京都,〒175-0093　東京都板橋区赤塚新町１－２０－６,https://map.bk.mufg.jp/b/bk_mufg/info/BA590425/
下赤塚支店,東京都,〒175-0093　東京都板橋区赤塚新町１－２０－６,https://map.bk.mufg.jp/b/bk_mufg/info/BA592177/
下北沢支店,東京都,〒155-0031　東京都世田谷区北沢１－３９－９,https://map.bk.mufg.jp/b/bk_mufg/info/BA592085/
石神井公園支店,東京都,〒178-0063　東京都練馬区東大泉４－２－１２,https://map.bk.mufg.jp/b/bk_mufg/info/BA592396/
十三支店,大阪府,〒532-0024　大阪府大阪市淀川区十三本町１－５－１３,https://map.bk.mufg.jp/b/bk_mufg/info/BA590147/
夙川支店,　兵庫県,〒662-0051　兵庫県西宮市羽衣町５－３４,https://map.bk.mufg.jp/b/bk_mufg/info/BA590360/
自由が丘駅前支店,東京都,〒152-0035　東京都目黒区自由が丘１－３０－３,https://map.bk.mufg.jp/b/bk_mufg/info/BA592056/
自由が丘支店,東京都,〒152-0035　東京都目黒区自由が丘１－３０－３,https://map.bk.mufg.jp/b/bk_mufg/info/BA590229/
聖護院支店,京都府,〒606-8392　京都府京都市左京区聖護院山王町２３－１,https://map.bk.mufg.jp/b/bk_mufg/info/BA590228/
浄心支店,　愛知県,〒451-0061　愛知県名古屋市西区浄心１－１－１,https://map.bk.mufg.jp/b/bk_mufg/info/BA590394/
城東支店,大阪府,〒536-0004　大阪府大阪市城東区今福西３－１－３４,https://map.bk.mufg.jp/b/bk_mufg/info/BA590064/
湘南台支店,神奈川県,〒251-0052　神奈川県藤沢市藤沢１１３－１,https://map.bk.mufg.jp/b/bk_mufg/info/BA592445/
しらゆき支店,東京都,〒102-0083　東京都千代田区麹町５－１－１,https://map.bk.mufg.jp/b/bk_mufg/info/BA591893/
白金支店,東京都,〒141-0021　東京都品川区上大崎３－１－１,https://map.bk.mufg.jp/b/bk_mufg/info/BA592124/
新板橋支店,東京都,〒173-0004　東京都板橋区板橋４－１１－１,https://map.bk.mufg.jp/b/bk_mufg/info/BA592167/
新稲毛支店,　千葉県,〒260-8636　千葉県千葉市中央区富士見２－３－１,https://map.bk.mufg.jp/b/bk_mufg/info/BA592293/
新大阪駅前支店,大阪府,〒532-0003　大阪府大阪市淀川区宮原４－１－１４,https://map.bk.mufg.jp/b/bk_mufg/info/BA590217/
新大阪北支店,大阪府,〒532-0003　大阪府大阪市淀川区宮原４－１－１４,https://map.bk.mufg.jp/b/bk_mufg/info/BA592456/
新大阪支店,大阪府,〒532-0003　大阪府大阪市淀川区宮原４－１－１４,https://map.bk.mufg.jp/b/bk_mufg/info/BA590248/
新小岩支店,東京都,〒133-0057　東京都江戸川区西小岩１－２３－１４,https://map.bk.mufg.jp/b/bk_mufg/info/BA590345/
心斎橋支店,大阪府,〒542-0086　大阪府大阪市中央区西心斎橋２－１－３,https://map.bk.mufg.jp/b/bk_mufg/info/BA590174/
新宿支店,東京都,〒160-0022　東京都新宿区新宿３－３０－１８,https://map.bk.mufg.jp/b/bk_mufg/info/BA590096/
新宿新都心支店,東京都,〒163-1533　東京都新宿区西新宿１－６－１,https://map.bk.mufg.jp/b/bk_mufg/info/BA590210/
新宿中央支店,東京都,〒163-1533　東京都新宿区西新宿１－６－１,https://map.bk.mufg.jp/b/bk_mufg/info/BA592421/
新宿通支店,東京都,〒160-0022　東京都新宿区新宿３－３０－１８,https://map.bk.mufg.jp/b/bk_mufg/info/BA591994/
新宿西支店,東京都,〒163-1533　東京都新宿区西新宿１－６－１,https://map.bk.mufg.jp/b/bk_mufg/info/BA592011/
新城支店,　愛知県,〒441-1373　愛知県新城市字西新町６４,https://map.bk.mufg.jp/b/bk_mufg/info/BA590463/
新東京支店,東京都,〒102-0083　東京都千代田区麹町５－１－１,https://map.bk.mufg.jp/b/bk_mufg/info/BA591877/
新富町支店,東京都,〒104-0041　東京都中央区新富１－１８－１,https://map.bk.mufg.jp/b/bk_mufg/info/BA590430/
新名古屋駅前支店,　愛知県,〒450-6404　愛知県名古屋市中村区名駅３－２８－１２,https://map.bk.mufg.jp/b/bk_mufg/info/BA592392/
新橋駅前支店,東京都,〒105-0004　東京都港区新橋２－１２－１１,https://map.bk.mufg.jp/b/bk_mufg/info/BA590206/
新橋支店,東京都,〒105-0004　東京都港区新橋２－１２－１１,https://map.bk.mufg.jp/b/bk_mufg/info/BA592405/
神保町支店,東京都,〒101-0051　東京都千代田区神田神保町２－２,https://map.bk.mufg.jp/b/bk_mufg/info/BA591951/
新松戸支店,　千葉県,〒271-0092　千葉県松戸市松戸１３０７－１,https://map.bk.mufg.jp/b/bk_mufg/info/BA592545/
新丸の内支店,東京都,〒100-0005　東京都千代田区丸の内１－４－１,https://map.bk.mufg.jp/b/bk_mufg/info/BA592397/
新百合ヶ丘支店,神奈川県,〒215-0021　神奈川県川崎市麻生区上麻生１－２０－１,https://map.bk.mufg.jp/b/bk_mufg/info/BA592031/
新横浜支店,神奈川県,〒222-0033　神奈川県横浜市港北区新横浜３－７－１７,https://map.bk.mufg.jp/b/bk_mufg/info/BA592194/
すいせい支店,東京都,〒102-0083　東京都千代田区麹町５－１－１,https://map.bk.mufg.jp/b/bk_mufg/info/BA591914/
吹田支店,大阪府,〒564-0031　大阪府吹田市元町４－１,https://map.bk.mufg.jp/b/bk_mufg/info/BA590093/
巣鴨支店,東京都,〒170-0005　東京都豊島区南大塚３－５３－１１,https://map.bk.mufg.jp/b/bk_mufg/info/BA590186/
逗子支店,神奈川県,〒248-0006　神奈川県鎌倉市小町１－５－４,https://map.bk.mufg.jp/b/bk_mufg/info/BA592534/
すずかぜ支店,東京都,〒102-0083　東京都千代田区麹町５－１－１,https://map.bk.mufg.jp/b/bk_mufg/info/BA591895/
住吉支店,　兵庫県,〒658-0051　兵庫県神戸市東灘区住吉本町１－２４－２５,https://map.bk.mufg.jp/b/bk_mufg/info/BA592446/
せいうん支店,東京都,〒102-0083　東京都千代田区麹町５－１－１,https://map.bk.mufg.jp/b/bk_mufg/info/BA591904/
成城学園前支店,東京都,〒157-0066　東京都世田谷区成城６－１５－１,https://map.bk.mufg.jp/b/bk_mufg/info/BA590414/
成城支店,東京都,〒157-0066　東京都世田谷区成城６－１５－１,https://map.bk.mufg.jp/b/bk_mufg/info/BA592094/
聖蹟桜ヶ丘支店,東京都,〒206-0002　東京都多摩市一ノ宮２－１１－２,https://map.bk.mufg.jp/b/bk_mufg/info/BA590378/
世田谷上町支店,東京都,〒154-0024　東京都世田谷区三軒茶屋２－１１－１７,https://map.bk.mufg.jp/b/bk_mufg/info/BA590131/
世田谷支店,東京都,〒154-0024　東京都世田谷区三軒茶屋２－１１－１７,https://map.bk.mufg.jp/b/bk_mufg/info/BA592089/
摂津支店,大阪府,〒567-0829　大阪府茨木市双葉町１３－２３,https://map.bk.mufg.jp/b/bk_mufg/info/BA590448/
瀬戸支店,　愛知県,〒489-0818　愛知県瀬戸市幸町３３－１,https://map.bk.mufg.jp/b/bk_mufg/info/BA590415/
仙川支店,東京都,〒182-0002　東京都調布市仙川町１－１８－３７,https://map.bk.mufg.jp/b/bk_mufg/info/BA592113/
千住支店,東京都,〒120-0034　東京都足立区千住２－５－３,https://map.bk.mufg.jp/b/bk_mufg/info/BA590215/
千住中央支店,東京都,〒120-0034　東京都足立区千住２－５－３,https://map.bk.mufg.jp/b/bk_mufg/info/BA592186/
仙台支店,　宮城県,〒980-0021　宮城県仙台市青葉区中央２－２－１,https://map.bk.mufg.jp/b/bk_mufg/info/BA590107/
仙台中央支店,　宮城県,〒980-0021　宮城県仙台市青葉区中央２－２－１,https://map.bk.mufg.jp/b/bk_mufg/info/BA592332/
千駄木支店,東京都,〒110-0005　東京都台東区上野６－１－１４,https://map.bk.mufg.jp/b/bk_mufg/info/BA592023/
船場支店,大阪府,〒541-0056　大阪府大阪市中央区久太郎町２－１－３０,https://map.bk.mufg.jp/b/bk_mufg/info/BA590123/
船場中央支店,大阪府,〒541-0056　大阪府大阪市中央区久太郎町２－１－３０,https://map.bk.mufg.jp/b/bk_mufg/info/BA592453/
千里中央駅前支店,大阪府,〒560-0082　大阪府豊中市新千里東町１－４－１,https://map.bk.mufg.jp/b/bk_mufg/info/BA592490/
千里中央支店,大阪府,〒560-0082　大阪府豊中市新千里東町１－４－１,https://map.bk.mufg.jp/b/bk_mufg/info/BA590160/
草加駅前支店,　埼玉県,〒340-0015　埼玉県草加市高砂２－７－１,https://map.bk.mufg.jp/b/bk_mufg/info/BA590461/
草加支店,　埼玉県,〒340-0015　埼玉県草加市高砂２－７－１,https://map.bk.mufg.jp/b/bk_mufg/info/BA592303/
草加新田支店,　埼玉県,〒340-0015　埼玉県草加市高砂２－７－１,https://map.bk.mufg.jp/b/bk_mufg/info/BA590346/
そうげん支店,東京都,〒102-0083　東京都千代田区麹町５－１－１,https://map.bk.mufg.jp/b/bk_mufg/info/BA591903/
祖父江支店,　愛知県,〒492-8208　愛知県稲沢市松下１－６－１,https://map.bk.mufg.jp/b/bk_mufg/info/BA590407/
大正橋支店,大阪府,〒551-0031　大阪府大阪市大正区泉尾１－３－１,https://map.bk.mufg.jp/b/bk_mufg/info/BA590138/
大東支店,大阪府,〒578-0971　大阪府東大阪市鴻池本町１－１,https://map.bk.mufg.jp/b/bk_mufg/info/BA590063/
第二リテールアカウント支店,東京都,〒104-0033　東京都中央区新川１－２８－３８,https://map.bk.mufg.jp/b/bk_mufg/info/BA729043/
高島平支店,東京都,〒174-0051　東京都板橋区小豆沢２－１８－７,https://map.bk.mufg.jp/b/bk_mufg/info/BA590242/
高田馬場駅前支店,東京都,〒169-0075　東京都新宿区高田馬場３－２－３,https://map.bk.mufg.jp/b/bk_mufg/info/BA590368/
高田馬場支店,東京都,〒169-0075　東京都新宿区高田馬場３－２－３,https://map.bk.mufg.jp/b/bk_mufg/info/BA592006/
高槻駅前支店,大阪府,〒569-1116　大阪府高槻市白梅町４－１３,https://map.bk.mufg.jp/b/bk_mufg/info/BA592488/
高槻支店,大阪府,〒569-1116　大阪府高槻市白梅町４－１３,https://map.bk.mufg.jp/b/bk_mufg/info/BA590135/
高畑支店,　愛知県,〒454-0911　愛知県名古屋市中川区高畑１－２０３,https://map.bk.mufg.jp/b/bk_mufg/info/BA590435/
高浜支店,　愛知県,〒448-0845　愛知県刈谷市銀座４－２９,https://map.bk.mufg.jp/b/bk_mufg/info/BA590238/
高松支店,　香川県,〒760-0028　香川県高松市鍛冶屋町２－１,https://map.bk.mufg.jp/b/bk_mufg/info/BA590376/
高松中央支店,　香川県,〒760-0028　香川県高松市鍛冶屋町２－１,https://map.bk.mufg.jp/b/bk_mufg/info/BA592530/
宝塚支店,　兵庫県,〒665-0845　兵庫県宝塚市栄町２－１－１,https://map.bk.mufg.jp/b/bk_mufg/info/BA590281/
宝塚中山支店,　兵庫県,〒665-0861　兵庫県宝塚市中山寺１－８－１４,https://map.bk.mufg.jp/b/bk_mufg/info/BA590083/
滝子支店,　愛知県,〒466-0046　愛知県名古屋市昭和区広見町１－５,https://map.bk.mufg.jp/b/bk_mufg/info/BA590389/
滝野川支店,東京都,〒173-0004　東京都板橋区板橋４－１１－１,https://map.bk.mufg.jp/b/bk_mufg/info/BA592154/
武豊支店,　愛知県,〒475-0857　愛知県半田市広小路町１５５－３,https://map.bk.mufg.jp/b/bk_mufg/info/BA590402/
竹ノ塚支店,東京都,〒120-0034　東京都足立区千住２－５－３,https://map.bk.mufg.jp/b/bk_mufg/info/BA590439/
竹橋支店,東京都,〒102-0083　東京都千代田区麹町５－１－１,https://map.bk.mufg.jp/b/bk_mufg/info/BA591878/
多治見支店,　岐阜県,〒507-0037　岐阜県多治見市音羽町２－２１３,https://map.bk.mufg.jp/b/bk_mufg/info/BA590364/
立川支店,東京都,〒190-0012　東京都立川市曙町２－１３－３,https://map.bk.mufg.jp/b/bk_mufg/info/BA592211/
立川中央支店,東京都,〒190-0012　東京都立川市曙町２－１３－３,https://map.bk.mufg.jp/b/bk_mufg/info/BA590324/
田無駅前支店,東京都,〒188-0011　東京都西東京市田無町２－１１－１,https://map.bk.mufg.jp/b/bk_mufg/info/BA590335/
田無支店,東京都,〒188-0011　東京都西東京市田無町２－１１－１,https://map.bk.mufg.jp/b/bk_mufg/info/BA592143/
田辺支店,和歌山県,〒640-8152　和歌山県和歌山市十番丁１９,https://map.bk.mufg.jp/b/bk_mufg/info/BA590282/
谷町支店,大阪府,〒540-0012　大阪府大阪市中央区谷町２－６－５,https://map.bk.mufg.jp/b/bk_mufg/info/BA590151/
田原支店,　愛知県,〒441-3421　愛知県田原市田原町萱町２,https://map.bk.mufg.jp/b/bk_mufg/info/BA590328/
玉川支店,東京都,〒158-0094　東京都世田谷区玉川２－２４－５,https://map.bk.mufg.jp/b/bk_mufg/info/BA592091/
多摩支店,東京都,〒206-0002　東京都多摩市一ノ宮２－１１－２,https://map.bk.mufg.jp/b/bk_mufg/info/BA592230/
多摩センター支店,東京都,〒206-0033　東京都多摩市落合１－３５,https://map.bk.mufg.jp/b/bk_mufg/info/BA592510/
田町支店,東京都,〒108-0014　東京都港区芝５－３３－１１,https://map.bk.mufg.jp/b/bk_mufg/info/BA591987/
玉造支店,大阪府,〒543-0014　大阪府大阪市天王寺区玉造元町２－２８,https://map.bk.mufg.jp/b/bk_mufg/info/BA590167/
玉出支店,大阪府,〒557-0045　大阪府大阪市西成区玉出西２－１－１,https://map.bk.mufg.jp/b/bk_mufg/info/BA590156/
たまプラーザ支店,神奈川県,〒225-0002　神奈川県横浜市青葉区美しが丘１－６－１,https://map.bk.mufg.jp/b/bk_mufg/info/BA592535/
茅ヶ崎支店,神奈川県,〒253-0044　神奈川県茅ヶ崎市新栄町９－３,https://map.bk.mufg.jp/b/bk_mufg/info/BA592261/
知多支店,　愛知県,〒477-0036　愛知県東海市横須賀町四ノ割３６,https://map.bk.mufg.jp/b/bk_mufg/info/BA590399/
築港支店,大阪府,〒551-0031　大阪府大阪市大正区泉尾１－３－１,https://map.bk.mufg.jp/b/bk_mufg/info/BA590140/
千葉支店,　千葉県,〒260-8636　千葉県千葉市中央区富士見２－３－１,https://map.bk.mufg.jp/b/bk_mufg/info/BA592268/
千葉中央支店,　千葉県,〒260-8636　千葉県千葉市中央区富士見２－３－１,https://map.bk.mufg.jp/b/bk_mufg/info/BA590249/
中央市場支店,大阪府,〒553-0006　大阪府大阪市福島区吉野３－２７－１９,https://map.bk.mufg.jp/b/bk_mufg/info/BA590142/
調布支店,東京都,〒182-0026　東京都調布市小島町２－５１－１１,https://map.bk.mufg.jp/b/bk_mufg/info/BA592507/
調布南支店,東京都,〒182-0026　東京都調布市小島町２－５１－１１,https://map.bk.mufg.jp/b/bk_mufg/info/BA590384/
千代田支店,東京都,〒102-0083　東京都千代田区麹町５－１－１,https://map.bk.mufg.jp/b/bk_mufg/info/BA591880/
知立支店,　愛知県,〒472-0038　愛知県知立市本町中通２,https://map.bk.mufg.jp/b/bk_mufg/info/BA590383/
塚口支店,　兵庫県,〒661-0002　兵庫県尼崎市塚口町１－１８－２,https://map.bk.mufg.jp/b/bk_mufg/info/BA590313/
塚本支店,大阪府,〒532-0024　大阪府大阪市淀川区十三本町１－５－１３,https://map.bk.mufg.jp/b/bk_mufg/info/BA590183/
月島支店,東京都,〒104-0054　東京都中央区勝どき２－９－１５,https://map.bk.mufg.jp/b/bk_mufg/info/BA590116/
築地支店,東京都,〒104-0061　東京都中央区銀座８－９－１,https://map.bk.mufg.jp/b/bk_mufg/info/BA591972/
津支店,　三重県,〒514-0028　三重県津市東丸之内２１－１０,https://map.bk.mufg.jp/b/bk_mufg/info/BA590455/
津島支店,　愛知県,〒496-0801　愛知県津島市藤浪町１－１７－２,https://map.bk.mufg.jp/b/bk_mufg/info/BA590460/
津田沼支店,　千葉県,〒275-0016　千葉県習志野市津田沼１－１０－５１,https://map.bk.mufg.jp/b/bk_mufg/info/BA592288/
津田沼東支店,　千葉県,〒275-0016　千葉県習志野市津田沼１－１０－５１,https://map.bk.mufg.jp/b/bk_mufg/info/BA590251/
土浦支店,　茨城県,〒300-0043　茨城県土浦市中央２－１０－１,https://map.bk.mufg.jp/b/bk_mufg/info/BA590247/
綱島支店,神奈川県,〒223-0052　神奈川県横浜市港北区綱島東１－３－３,https://map.bk.mufg.jp/b/bk_mufg/info/BA590347/
鶴川支店,神奈川県,〒215-0021　神奈川県川崎市麻生区上麻生１－２０－１,https://map.bk.mufg.jp/b/bk_mufg/info/BA592221/
鶴橋支店,大阪府,〒542-0063　大阪府大阪市中央区東平２－４－７,https://map.bk.mufg.jp/b/bk_mufg/info/BA590168/
鶴舞支店,　愛知県,〒460-0012　愛知県名古屋市中区千代田２－１５－１４,https://map.bk.mufg.jp/b/bk_mufg/info/BA590252/
鶴見駅前支店,神奈川県,〒230-0051　神奈川県横浜市鶴見区鶴見中央１－３－１７,https://map.bk.mufg.jp/b/bk_mufg/info/BA590187/
鶴見支店,神奈川県,〒230-0051　神奈川県横浜市鶴見区鶴見中央１－３－１７,https://map.bk.mufg.jp/b/bk_mufg/info/BA592531/
出町支店,京都府,〒602-0822　京都府京都市上京区出町通今出川上ル青竜町２５７,https://map.bk.mufg.jp/b/bk_mufg/info/BA592442/
寺田町支店,大阪府,〒545-0052　大阪府大阪市阿倍野区阿倍野筋１－５－１０,https://map.bk.mufg.jp/b/bk_mufg/info/BA590126/
田園調布駅前支店,東京都,〒152-0035　東京都目黒区自由が丘１－３０－３,https://map.bk.mufg.jp/b/bk_mufg/info/BA592088/
天神橋支店,大阪府,〒530-0044　大阪府大阪市北区東天満２－６－５,https://map.bk.mufg.jp/b/bk_mufg/info/BA590077/
天満支店,大阪府,〒530-0044　大阪府大阪市北区東天満２－６－５,https://map.bk.mufg.jp/b/bk_mufg/info/BA592462/
天六支店,大阪府,〒530-0041　大阪府大阪市北区天神橋６－７－５,https://map.bk.mufg.jp/b/bk_mufg/info/BA590079/
東海公務部,　愛知県,〒460-8660　愛知県名古屋市中区錦３－２１－２４,https://map.bk.mufg.jp/b/bk_mufg/info/BA590164/
東海支店,　愛知県,〒477-0036　愛知県東海市横須賀町四ノ割３６,https://map.bk.mufg.jp/b/bk_mufg/info/BA590310/
東海東京証券振込支店,東京都,〒102-0083　東京都千代田区麹町５－１－１,https://map.bk.mufg.jp/b/bk_mufg/info/BA591907/
東京営業部,東京都,〒100-0005　東京都千代田区丸の内１－４－１,https://map.bk.mufg.jp/b/bk_mufg/info/BA590101/
東京為替集中店,東京都,〒102-0083　東京都千代田区麹町５－１－１,https://map.bk.mufg.jp/b/bk_mufg/info/BA591879/
東京公務部,東京都,〒160-0022　東京都新宿区新宿３－３０－１８,https://map.bk.mufg.jp/b/bk_mufg/info/BA590106/
東寺支店,京都府,〒601-8437　京都府京都市南区西九条比永城町７４,https://map.bk.mufg.jp/b/bk_mufg/info/BA590246/
堂島支店,大阪府,〒530-0017　大阪府大阪市北区角田町８－４７,https://map.bk.mufg.jp/b/bk_mufg/info/BA590081/
徳重支店,　愛知県,〒458-0852　愛知県名古屋市緑区元徳重１－４０１,https://map.bk.mufg.jp/b/bk_mufg/info/BA590272/
徳島支店,　徳島県,〒770-0834　徳島県徳島市元町２－１６,https://map.bk.mufg.jp/b/bk_mufg/info/BA590334/
徳山支店,　山口県,〒755-0031　山口県宇部市常盤町１－６－３４,https://map.bk.mufg.jp/b/bk_mufg/info/BA592521/
常滑支店,　愛知県,〒479-0836　愛知県常滑市栄町１－１,https://map.bk.mufg.jp/b/bk_mufg/info/BA590325/
所沢支店,　埼玉県,〒359-1123　埼玉県所沢市日吉町１１－１９,https://map.bk.mufg.jp/b/bk_mufg/info/BA592309/
所沢中央支店,　埼玉県,〒359-1123　埼玉県所沢市日吉町１１－１９,https://map.bk.mufg.jp/b/bk_mufg/info/BA590379/
戸塚駅前支店,神奈川県,〒244-0003　神奈川県横浜市戸塚区戸塚町１６－１１,https://map.bk.mufg.jp/b/bk_mufg/info/BA590190/
戸塚支店,神奈川県,〒244-0003　神奈川県横浜市戸塚区戸塚町１６－１１,https://map.bk.mufg.jp/b/bk_mufg/info/BA592541/
豊明支店,　愛知県,〒458-0801　愛知県名古屋市緑区鳴海町字本町１８－３,https://map.bk.mufg.jp/b/bk_mufg/info/BA590423/
豊川支店,　愛知県,〒442-8533　愛知県豊川市豊川栄町１８,https://map.bk.mufg.jp/b/bk_mufg/info/BA590438/
豊田支店,　愛知県,〒471-8530　愛知県豊田市喜多町２－１７０,https://map.bk.mufg.jp/b/bk_mufg/info/BA590444/
豊田南支店,　愛知県,〒471-0833　愛知県豊田市山之手８－９２,https://map.bk.mufg.jp/b/bk_mufg/info/BA590446/
豊中駅前支店,大阪府,〒560-0021　大阪府豊中市本町１－１０－３,https://map.bk.mufg.jp/b/bk_mufg/info/BA592403/
豊中支店,大阪府,〒560-0021　大阪府豊中市本町１－１０－３,https://map.bk.mufg.jp/b/bk_mufg/info/BA590090/
豊中庄内支店,大阪府,〒560-0021　大阪府豊中市本町１－１０－３,https://map.bk.mufg.jp/b/bk_mufg/info/BA590316/
豊橋支店,　愛知県,〒440-0888　愛知県豊橋市駅前大通３－６３,https://map.bk.mufg.jp/b/bk_mufg/info/BA590317/
虎ノ門支店,東京都,〒105-0001　東京都港区虎ノ門２－３－１７,https://map.bk.mufg.jp/b/bk_mufg/info/BA591980/
虎ノ門中央支店,東京都,〒105-0001　東京都港区虎ノ門２－３－１７,https://map.bk.mufg.jp/b/bk_mufg/info/BA590058/
都立大学駅北支店,東京都,〒152-0022　東京都目黒区柿の木坂１－３０－８,https://map.bk.mufg.jp/b/bk_mufg/info/BA590373/
都立大学駅前支店,東京都,〒152-0022　東京都目黒区柿の木坂１－３０－８,https://map.bk.mufg.jp/b/bk_mufg/info/BA592061/
土古支店,　愛知県,〒454-0911　愛知県名古屋市中川区高畑１－２０３,https://map.bk.mufg.jp/b/bk_mufg/info/BA590434/
富田林支店,大阪府,〒583-0026　大阪府藤井寺市春日丘１－１－３３,https://map.bk.mufg.jp/b/bk_mufg/info/BA590218/
長崎支店,　長崎県,〒850-0841　長崎県長崎市銅座町７－３６,https://map.bk.mufg.jp/b/bk_mufg/info/BA592551/
長田支店,　兵庫県,〒650-0037　兵庫県神戸市中央区明石町４８,https://map.bk.mufg.jp/b/bk_mufg/info/BA590184/
中津川支店,　岐阜県,〒507-0037　岐阜県多治見市音羽町２－２１３,https://map.bk.mufg.jp/b/bk_mufg/info/BA590453/
中野駅前支店,東京都,〒164-0001　東京都中野区中野２－３０－９,https://map.bk.mufg.jp/b/bk_mufg/info/BA592477/
中野駅南口支店,東京都,〒164-0001　東京都中野区中野２－３０－９,https://map.bk.mufg.jp/b/bk_mufg/info/BA590097/
中野支店,東京都,〒164-0001　東京都中野区中野２－３０－９,https://map.bk.mufg.jp/b/bk_mufg/info/BA592116/
中之島支店,大阪府,〒530-0005　大阪府大阪市北区中之島２－３－１８,https://map.bk.mufg.jp/b/bk_mufg/info/BA590181/
長原支店,東京都,〒145-0064　東京都大田区上池台１－９－１,https://map.bk.mufg.jp/b/bk_mufg/info/BA592075/
中村公園前支店,　愛知県,〒453-0054　愛知県名古屋市中村区鳥居西通１－５５,https://map.bk.mufg.jp/b/bk_mufg/info/BA590329/
中村支店,　愛知県,〒453-0054　愛知県名古屋市中村区鳥居西通１－５５,https://map.bk.mufg.jp/b/bk_mufg/info/BA590418/
中目黒駅前支店,東京都,〒153-0051　東京都目黒区上目黒２－１－２,https://map.bk.mufg.jp/b/bk_mufg/info/BA590467/
中目黒支店,東京都,〒153-0051　東京都目黒区上目黒２－１－２,https://map.bk.mufg.jp/b/bk_mufg/info/BA592546/
中もず支店,大阪府,〒591-8023　大阪府堺市北区中百舌鳥町３－４２８－２,https://map.bk.mufg.jp/b/bk_mufg/info/BA590162/
中山支店,神奈川県,〒222-0033　神奈川県横浜市港北区新横浜３－７－１７,https://map.bk.mufg.jp/b/bk_mufg/info/BA590409/
名古屋営業部,　愛知県,〒460-8660　愛知県名古屋市中区錦３－２１－２４,https://map.bk.mufg.jp/b/bk_mufg/info/BA590339/
名古屋駅前支店,　愛知県,〒450-6404　愛知県名古屋市中村区名駅３－２８－１２,https://map.bk.mufg.jp/b/bk_mufg/info/BA590417/
名古屋港支店,　愛知県,〒455-0037　愛知県名古屋市港区名港１－１７－１１,https://map.bk.mufg.jp/b/bk_mufg/info/BA590271/
名古屋中央支店,　愛知県,〒460-8660　愛知県名古屋市中区錦３－２１－２４,https://map.bk.mufg.jp/b/bk_mufg/info/BA592391/
なつぐも支店,東京都,〒102-0083　東京都千代田区麹町５－１－１,https://map.bk.mufg.jp/b/bk_mufg/info/BA591901/
奈良支店,　奈良県,〒630-8225　奈良県奈良市西御門町２７－１,https://map.bk.mufg.jp/b/bk_mufg/info/BA590114/
成田空港支店,　千葉県,〒260-8636　千葉県千葉市中央区富士見２－３－１,https://map.bk.mufg.jp/b/bk_mufg/info/BA592432/
鳴子支店,　愛知県,〒468-0034　愛知県名古屋市天白区久方３－２０,https://map.bk.mufg.jp/b/bk_mufg/info/BA590194/
成瀬支店,東京都,〒194-8558　東京都町田市原町田６－１１－１９,https://map.bk.mufg.jp/b/bk_mufg/info/BA592139/
鳴海支店,　愛知県,〒458-0801　愛知県名古屋市緑区鳴海町字本町１８－３,https://map.bk.mufg.jp/b/bk_mufg/info/BA590278/
難波駅前支店,大阪府,〒542-0076　大阪府大阪市中央区難波５－１－６０,https://map.bk.mufg.jp/b/bk_mufg/info/BA592470/
難波支店,大阪府,〒542-0076　大阪府大阪市中央区難波５－１－６０,https://map.bk.mufg.jp/b/bk_mufg/info/BA590179/
新潟支店,　新潟県,〒951-8063　新潟県新潟市中央区古町通七番町１０１０,https://map.bk.mufg.jp/b/bk_mufg/info/BA592400/
新座志木支店,　埼玉県,〒352-0001　埼玉県新座市東北２－３６－２４,https://map.bk.mufg.jp/b/bk_mufg/info/BA592315/
ニコス振込支店,東京都,〒102-0083　東京都千代田区麹町５－１－１,https://map.bk.mufg.jp/b/bk_mufg/info/BA591899/
西池袋支店,東京都,〒171-0022　東京都豊島区南池袋２－２８－１０,https://map.bk.mufg.jp/b/bk_mufg/info/BA592144/
西荻窪駅前支店,東京都,〒167-0042　東京都杉並区西荻北２－３－７,https://map.bk.mufg.jp/b/bk_mufg/info/BA592132/
西荻窪支店,東京都,〒167-0042　東京都杉並区西荻北２－３－７,https://map.bk.mufg.jp/b/bk_mufg/info/BA590254/
西尾支店,　愛知県,〒445-0854　愛知県西尾市永楽町３－５２,https://map.bk.mufg.jp/b/bk_mufg/info/BA590452/
西葛西支店,東京都,〒134-0088　東京都江戸川区西葛西６－１５－１,https://map.bk.mufg.jp/b/bk_mufg/info/BA592539/
西川口支店,　埼玉県,〒333-0851　埼玉県川口市芝新町８－１,https://map.bk.mufg.jp/b/bk_mufg/info/BA592297/
西心斎橋支店,大阪府,〒542-0086　大阪府大阪市中央区西心斎橋２－１－３,https://map.bk.mufg.jp/b/bk_mufg/info/BA592469/
西陣支店,京都府,〒602-8466　京都府京都市上京区千本通今出川下ル南辻町３６４－１,https://map.bk.mufg.jp/b/bk_mufg/info/BA590121/
西新宿支店,東京都,〒163-1533　東京都新宿区西新宿１－６－１,https://map.bk.mufg.jp/b/bk_mufg/info/BA590365/
西七条支店,京都府,〒615-0012　京都府京都市右京区西院高山寺町９,https://map.bk.mufg.jp/b/bk_mufg/info/BA590474/
西宮支店,　兵庫県,〒663-8204　兵庫県西宮市高松町５－２２,https://map.bk.mufg.jp/b/bk_mufg/info/BA590315/
西春支店,　愛知県,〒452-0821　愛知県名古屋市西区上小田井２－３５７,https://map.bk.mufg.jp/b/bk_mufg/info/BA590226/
日進支店,　愛知県,〒468-0011　愛知県名古屋市天白区平針２－１９０９,https://map.bk.mufg.jp/b/bk_mufg/info/BA590450/
日暮里支店,東京都,〒116-0014　東京都荒川区東日暮里３－４６－７,https://map.bk.mufg.jp/b/bk_mufg/info/BA592160/
日本一支店,大阪府,〒542-0076　大阪府大阪市中央区難波５－１－６０,https://map.bk.mufg.jp/b/bk_mufg/info/BA590177/
日本橋支店,東京都,〒103-0021　東京都中央区日本橋本石町１－３－２,https://map.bk.mufg.jp/b/bk_mufg/info/BA591961/
日本橋中央支店,東京都,〒103-0021　東京都中央区日本橋本石町１－３－２,https://map.bk.mufg.jp/b/bk_mufg/info/BA590136/
沼津支店,　静岡県,〒410-0801　静岡県沼津市大手町４－４－１,https://map.bk.mufg.jp/b/bk_mufg/info/BA590291/
寝屋川支店,大阪府,〒572-0082　大阪府寝屋川市香里本通町８－３－１０１,https://map.bk.mufg.jp/b/bk_mufg/info/BA590104/
練馬駅前支店,東京都,〒176-0011　東京都練馬区豊玉上２－２７－１８,https://map.bk.mufg.jp/b/bk_mufg/info/BA590286/
練馬支店,東京都,〒176-0011　東京都練馬区豊玉上２－２７－１８,https://map.bk.mufg.jp/b/bk_mufg/info/BA592413/
練馬光が丘支店,東京都,〒176-0011　東京都練馬区豊玉上２－２７－１８,https://map.bk.mufg.jp/b/bk_mufg/info/BA590256/
練馬平和台支店,東京都,〒175-0093　東京都板橋区赤塚新町１－２０－６,https://map.bk.mufg.jp/b/bk_mufg/info/BA592083/
野方支店,東京都,〒165-0027　東京都中野区野方５－３０－１８,https://map.bk.mufg.jp/b/bk_mufg/info/BA592121/
野田支店,大阪府,〒553-0006　大阪府大阪市福島区吉野３－２７－１９,https://map.bk.mufg.jp/b/bk_mufg/info/BA590141/
野並支店,　愛知県,〒468-0034　愛知県名古屋市天白区久方３－２０,https://map.bk.mufg.jp/b/bk_mufg/info/BA590274/
登戸支店,神奈川県,〒214-0014　神奈川県川崎市多摩区登戸２５７７－３,https://map.bk.mufg.jp/b/bk_mufg/info/BA592256/
萩ノ茶屋支店,大阪府,〒557-0045　大阪府大阪市西成区玉出西２－１－１,https://map.bk.mufg.jp/b/bk_mufg/info/BA590066/
羽衣支店,大阪府,〒592-0002　大阪府高石市羽衣１－１４－５,https://map.bk.mufg.jp/b/bk_mufg/info/BA590300/
橋本支店,神奈川県,〒252-0231　神奈川県相模原市中央区相模原３－１－１８,https://map.bk.mufg.jp/b/bk_mufg/info/BA592136/
蓮田支店,　埼玉県,〒330-0845　埼玉県さいたま市大宮区仲町２－９,https://map.bk.mufg.jp/b/bk_mufg/info/BA590385/
八王子支店,東京都,〒192-0083　東京都八王子市旭町９－１,https://map.bk.mufg.jp/b/bk_mufg/info/BA590244/
八王子中央支店,東京都,〒192-0083　東京都八王子市旭町９－１,https://map.bk.mufg.jp/b/bk_mufg/info/BA592205/
はつはる支店,東京都,〒102-0083　東京都千代田区麹町５－１－１,https://map.bk.mufg.jp/b/bk_mufg/info/BA591896/
花園支店,大阪府,〒579-8046　大阪府東大阪市昭和町３－３,https://map.bk.mufg.jp/b/bk_mufg/info/BA590065/
放出支店,大阪府,〒578-0971　大阪府東大阪市鴻池本町１－１,https://map.bk.mufg.jp/b/bk_mufg/info/BA590120/
羽田支店,東京都,〒144-0052　東京都大田区蒲田５－１２－６,https://map.bk.mufg.jp/b/bk_mufg/info/BA592072/
浜松支店,　静岡県,〒430-0935　静岡県浜松市中央区伝馬町３１１－１４,https://map.bk.mufg.jp/b/bk_mufg/info/BA590465/
浜松町支店,東京都,〒105-0004　東京都港区新橋２－１２－１１,https://map.bk.mufg.jp/b/bk_mufg/info/BA590380/
原宿支店,東京都,〒107-0061　東京都港区北青山３－６－１,https://map.bk.mufg.jp/b/bk_mufg/info/BA590397/
針中野支店,大阪府,〒545-0052　大阪府大阪市阿倍野区阿倍野筋１－５－１０,https://map.bk.mufg.jp/b/bk_mufg/info/BA590137/
はるかぜ支店,東京都,〒102-0083　東京都千代田区麹町５－１－１,https://map.bk.mufg.jp/b/bk_mufg/info/BA834072/
阪急梅田北支店,大阪府,〒530-0017　大阪府大阪市北区角田町８－４７,https://map.bk.mufg.jp/b/bk_mufg/info/BA590078/
バンクイック振込支店,東京都,〒104-0033　東京都中央区新川１－２８－３８,https://map.bk.mufg.jp/b/bk_mufg/info/BA841560/
半田支店,　愛知県,〒475-0857　愛知県半田市広小路町１５５－３,https://map.bk.mufg.jp/b/bk_mufg/info/BA590411/
ひいらぎ支店,東京都,〒102-0083　東京都千代田区麹町５－１－１,https://map.bk.mufg.jp/b/bk_mufg/info/BA591909/
東恵比寿支店,東京都,〒150-0021　東京都渋谷区恵比寿西１－８－６,https://map.bk.mufg.jp/b/bk_mufg/info/BA590223/
東大阪支店,大阪府,〒577-0841　大阪府東大阪市足代１－１２－３,https://map.bk.mufg.jp/b/bk_mufg/info/BA590072/
東大阪中央支店,大阪府,〒577-0841　大阪府東大阪市足代１－１２－３,https://map.bk.mufg.jp/b/bk_mufg/info/BA590447/
東神戸支店,　兵庫県,〒650-0037　兵庫県神戸市中央区明石町４８,https://map.bk.mufg.jp/b/bk_mufg/info/BA590284/
東支店,　愛知県,〒461-0025　愛知県名古屋市東区徳川１－１５－３０,https://map.bk.mufg.jp/b/bk_mufg/info/BA590165/
東戸塚支店,神奈川県,〒244-0003　神奈川県横浜市戸塚区戸塚町１６－１１,https://map.bk.mufg.jp/b/bk_mufg/info/BA592082/
東長崎支店,東京都,〒171-0022　東京都豊島区南池袋２－２８－１０,https://map.bk.mufg.jp/b/bk_mufg/info/BA592149/
東中野支店,東京都,〒164-0003　東京都中野区東中野４－４－１１,https://map.bk.mufg.jp/b/bk_mufg/info/BA592119/
東松原支店,東京都,〒168-0063　東京都杉並区和泉３－５－１,https://map.bk.mufg.jp/b/bk_mufg/info/BA590214/
東松山支店,　埼玉県,〒350-0043　埼玉県川越市新富町１－２－７,https://map.bk.mufg.jp/b/bk_mufg/info/BA590308/
東向日町支店,京都府,〒600-8216　京都府京都市下京区塩小路通烏丸西入東塩小路町６１４,https://map.bk.mufg.jp/b/bk_mufg/info/BA590332/
尾西支店,　愛知県,〒491-0859　愛知県一宮市本町３－１１－１,https://map.bk.mufg.jp/b/bk_mufg/info/BA590441/
ビジネスアカウント支店,東京都,〒105-0014　東京都港区芝２－４－３,https://map.bk.mufg.jp/b/bk_mufg/info/BA755533/
日野市役所支店,東京都,〒190-0012　東京都立川市曙町２－１３－３,https://map.bk.mufg.jp/b/bk_mufg/info/BA592233/
日野豊田支店,東京都,〒190-0012　東京都立川市曙町２－１３－３,https://map.bk.mufg.jp/b/bk_mufg/info/BA592219/
日比谷支店,東京都,〒100-0005　東京都千代田区丸の内３－４－２,https://map.bk.mufg.jp/b/bk_mufg/info/BA590149/
姫路支店,　兵庫県,〒670-0924　兵庫県姫路市紺屋町４５,https://map.bk.mufg.jp/b/bk_mufg/info/BA590349/
姫路中央支店,　兵庫県,〒670-0924　兵庫県姫路市紺屋町４５,https://map.bk.mufg.jp/b/bk_mufg/info/BA592498/
兵庫支店,　兵庫県,〒650-0037　兵庫県神戸市中央区明石町４８,https://map.bk.mufg.jp/b/bk_mufg/info/BA592497/
日吉駅前支店,神奈川県,〒211-0025　神奈川県川崎市中原区木月１－３６－６,https://map.bk.mufg.jp/b/bk_mufg/info/BA592460/
枚岡支店,大阪府,〒579-8046　大阪府東大阪市昭和町３－３,https://map.bk.mufg.jp/b/bk_mufg/info/BA590171/
枚方支店,大阪府,〒573-0032　大阪府枚方市岡東町１２－２,https://map.bk.mufg.jp/b/bk_mufg/info/BA590170/
平塚駅前支店,神奈川県,〒254-0034　神奈川県平塚市宝町３－１,https://map.bk.mufg.jp/b/bk_mufg/info/BA592251/
平塚支店,神奈川県,〒254-0034　神奈川県平塚市宝町３－１,https://map.bk.mufg.jp/b/bk_mufg/info/BA590212/
平野南口支店,大阪府,〒547-0032　大阪府大阪市平野区流町３－２０－７,https://map.bk.mufg.jp/b/bk_mufg/info/BA590143/
平針支店,　愛知県,〒468-0011　愛知県名古屋市天白区平針２－１９０９,https://map.bk.mufg.jp/b/bk_mufg/info/BA590421/
広尾支店,東京都,〒106-0047　東京都港区南麻布４－１－１,https://map.bk.mufg.jp/b/bk_mufg/info/BA591992/
広島支店,　広島県,〒730-0035　広島県広島市中区本通７－１９,https://map.bk.mufg.jp/b/bk_mufg/info/BA590341/
広島中央支店,　広島県,〒730-0035　広島県広島市中区本通７－１９,https://map.bk.mufg.jp/b/bk_mufg/info/BA592520/
枇杷島支店,　愛知県,〒450-6404　愛知県名古屋市中村区名駅３－２８－１２,https://map.bk.mufg.jp/b/bk_mufg/info/BA590201/
ふうげつ支店,東京都,〒102-0083　東京都千代田区麹町５－１－１,https://map.bk.mufg.jp/b/bk_mufg/info/BA591915/
深川支店,東京都,〒135-0048　東京都江東区門前仲町２－５－１,https://map.bk.mufg.jp/b/bk_mufg/info/BA592041/
福岡支店,　福岡県,〒810-0001　福岡県福岡市中央区天神１－１２－７,https://map.bk.mufg.jp/b/bk_mufg/info/BA592549/
福岡中央支店,　福岡県,〒810-0001　福岡県福岡市中央区天神１－１２－７,https://map.bk.mufg.jp/b/bk_mufg/info/BA590302/
福山支店,　広島県,〒720-0062　広島県福山市伏見町４－３８,https://map.bk.mufg.jp/b/bk_mufg/info/BA592519/
藤井寺支店,大阪府,〒583-0026　大阪府藤井寺市春日丘１－１－３３,https://map.bk.mufg.jp/b/bk_mufg/info/BA590195/
藤ヶ丘支店,　愛知県,〒465-0032　愛知県名古屋市名東区藤が丘１３９,https://map.bk.mufg.jp/b/bk_mufg/info/BA590356/
藤沢支店,神奈川県,〒251-0052　神奈川県藤沢市藤沢１１３－１,https://map.bk.mufg.jp/b/bk_mufg/info/BA592253/
伏見支店,京都府,〒612-8058　京都府京都市伏見区風呂屋町２７６,https://map.bk.mufg.jp/b/bk_mufg/info/BA592444/
二子玉川支店,東京都,〒158-0094　東京都世田谷区玉川２－２４－５,https://map.bk.mufg.jp/b/bk_mufg/info/BA590319/
二俣川支店,神奈川県,〒241-0821　神奈川県横浜市旭区二俣川１－６－３１,https://map.bk.mufg.jp/b/bk_mufg/info/BA592556/
府中駅前支店,東京都,〒183-0022　東京都府中市宮西町１－６－１,https://map.bk.mufg.jp/b/bk_mufg/info/BA590285/
府中支店,東京都,〒183-0022　東京都府中市宮西町１－６－１,https://map.bk.mufg.jp/b/bk_mufg/info/BA592202/
福生支店,東京都,〒190-0012　東京都立川市曙町２－１３－３,https://map.bk.mufg.jp/b/bk_mufg/info/BA590109/
船橋駅前支店,　千葉県,〒273-0005　千葉県船橋市本町３－２－３,https://map.bk.mufg.jp/b/bk_mufg/info/BA590082/
船橋支店,　千葉県,〒273-0005　千葉県船橋市本町３－２－３,https://map.bk.mufg.jp/b/bk_mufg/info/BA592272/
船堀駅前支店,東京都,〒134-0091　東京都江戸川区船堀２－２３－１８,https://map.bk.mufg.jp/b/bk_mufg/info/BA590297/
船堀支店,東京都,〒134-0091　東京都江戸川区船堀２－２３－１８,https://map.bk.mufg.jp/b/bk_mufg/info/BA592402/
ブラデスコ支店,東京都,〒169-0074　東京都新宿区北新宿１－１－１９,https://map.bk.mufg.jp/b/bk_mufg/info/BA591908/
振込集中錦支店,東京都,〒102-0083　東京都千代田区麹町５－１－１,https://map.bk.mufg.jp/b/bk_mufg/info/BA591885/
振込第一支店,東京都,〒102-0083　東京都千代田区麹町５－１－１,https://map.bk.mufg.jp/b/bk_mufg/info/BA604744/
振込第三支店,東京都,〒102-0083　東京都千代田区麹町５－１－１,https://map.bk.mufg.jp/b/bk_mufg/info/BA604746/
振込第二支店,東京都,〒102-0083　東京都千代田区麹町５－１－１,https://map.bk.mufg.jp/b/bk_mufg/info/BA604745/
振込第四支店,東京都,〒102-0083　東京都千代田区麹町５－１－１,https://map.bk.mufg.jp/b/bk_mufg/info/BA604747/
振込用カブドットコム支店,東京都,〒102-0083　東京都千代田区麹町５－１－１,https://map.bk.mufg.jp/b/bk_mufg/info/BA591900/
碧南支店,　愛知県,〒447-0877　愛知県碧南市栄町３－１０,https://map.bk.mufg.jp/b/bk_mufg/info/BA590413/
保谷支店,東京都,〒178-0064　東京都練馬区南大泉３－３１－２３,https://map.bk.mufg.jp/b/bk_mufg/info/BA592222/
星ヶ丘支店,　愛知県,〒464-0802　愛知県名古屋市千種区星が丘元町１４－２５,https://map.bk.mufg.jp/b/bk_mufg/info/BA590412/
堀田支店,　愛知県,〒467-0862　愛知県名古屋市瑞穂区堀田通８－２７,https://map.bk.mufg.jp/b/bk_mufg/info/BA590390/
堀留支店,東京都,〒103-0011　東京都中央区日本橋大伝馬町８－１,https://map.bk.mufg.jp/b/bk_mufg/info/BA590202/
本厚木支店,神奈川県,〒243-0018　神奈川県厚木市中町２－１０－１０,https://map.bk.mufg.jp/b/bk_mufg/info/BA592265/
本郷支店,東京都,〒113-0033　東京都文京区本郷３－３３－５,https://map.bk.mufg.jp/b/bk_mufg/info/BA590287/
本所支店,東京都,〒130-0026　東京都墨田区両国４－３０－１２,https://map.bk.mufg.jp/b/bk_mufg/info/BA590240/
本所中央支店,東京都,〒130-0026　東京都墨田区両国４－３０－１２,https://map.bk.mufg.jp/b/bk_mufg/info/BA592034/
本店,東京都,〒100-8388　東京都千代田区丸の内２－７－１,https://map.bk.mufg.jp/b/bk_mufg/info/BA591940/
町田駅前支店,東京都,〒194-8558　東京都町田市原町田６－１１－１９,https://map.bk.mufg.jp/b/bk_mufg/info/BA590381/
町田支店,東京都,〒194-8558　東京都町田市原町田６－１１－１９,https://map.bk.mufg.jp/b/bk_mufg/info/BA592212/
松阪支店,　三重県,〒514-0028　三重県津市東丸之内２１－１０,https://map.bk.mufg.jp/b/bk_mufg/info/BA590456/
松戸支店,　千葉県,〒271-0092　千葉県松戸市松戸１３０７－１,https://map.bk.mufg.jp/b/bk_mufg/info/BA590129/
松戸西口支店,　千葉県,〒271-0092　千葉県松戸市松戸１３０７－１,https://map.bk.mufg.jp/b/bk_mufg/info/BA592277/
松原支店,大阪府,〒580-0016　大阪府松原市上田３－６－１,https://map.bk.mufg.jp/b/bk_mufg/info/BA590231/
丸の内支店,東京都,〒100-8388　東京都千代田区丸の内２－７－１,https://map.bk.mufg.jp/b/bk_mufg/info/BA591945/
みかづき支店,東京都,〒102-0083　東京都千代田区麹町５－１－１,https://map.bk.mufg.jp/b/bk_mufg/info/BA591905/
三河島支店,東京都,〒116-0014　東京都荒川区東日暮里３－４６－７,https://map.bk.mufg.jp/b/bk_mufg/info/BA590262/
三島支店,　静岡県,〒410-0801　静岡県沼津市大手町４－４－１,https://map.bk.mufg.jp/b/bk_mufg/info/BA590290/
瑞江支店,東京都,〒134-0091　東京都江戸川区船堀２－２３－１８,https://map.bk.mufg.jp/b/bk_mufg/info/BA591978/
三鷹支店,東京都,〒181-0013　東京都三鷹市下連雀３－２６－１２,https://map.bk.mufg.jp/b/bk_mufg/info/BA592198/
三鷹中央支店,東京都,〒181-0013　東京都三鷹市下連雀３－２６－１２,https://map.bk.mufg.jp/b/bk_mufg/info/BA590209/
三田支店,東京都,〒108-0014　東京都港区芝５－３３－１１,https://map.bk.mufg.jp/b/bk_mufg/info/BA590437/
三菱ＵＦＪＭＳ証券支店,東京都,〒102-0083　東京都千代田区麹町５－１－１,https://map.bk.mufg.jp/b/bk_mufg/info/BA591902/
御堂筋支店,東京都,〒102-0083　東京都千代田区麹町５－１－１,https://map.bk.mufg.jp/b/bk_mufg/info/BA591882/
水戸支店,　茨城県,〒310-0026　茨城県水戸市泉町３－１－２８,https://map.bk.mufg.jp/b/bk_mufg/info/BA592329/
南浦和支店,　埼玉県,〒330-0063　埼玉県さいたま市浦和区高砂２－１－１,https://map.bk.mufg.jp/b/bk_mufg/info/BA592076/
南藤沢支店,神奈川県,〒251-0052　神奈川県藤沢市藤沢１１３－１,https://map.bk.mufg.jp/b/bk_mufg/info/BA590462/
箕面支店,大阪府,〒560-0082　大阪府豊中市新千里東町１－４－１,https://map.bk.mufg.jp/b/bk_mufg/info/BA590260/
都島支店,大阪府,〒530-0041　大阪府大阪市北区天神橋６－７－５,https://map.bk.mufg.jp/b/bk_mufg/info/BA590152/
宮崎台支店,神奈川県,〒216-0007　神奈川県川崎市宮前区小台１－１８－５,https://map.bk.mufg.jp/b/bk_mufg/info/BA592225/
三好支店,　愛知県,〒471-8530　愛知県豊田市喜多町２－１７０,https://map.bk.mufg.jp/b/bk_mufg/info/BA590239/
向島支店,東京都,〒130-0002　東京都墨田区業平３－１４－５,https://map.bk.mufg.jp/b/bk_mufg/info/BA592410/
武蔵小杉駅前支店,神奈川県,〒211-0063　神奈川県川崎市中原区小杉町１－４０３,https://map.bk.mufg.jp/b/bk_mufg/info/BA592032/
武蔵小杉支店,神奈川県,〒211-0063　神奈川県川崎市中原区小杉町１－４０３,https://map.bk.mufg.jp/b/bk_mufg/info/BA590076/
武蔵境駅前支店,東京都,〒180-0023　東京都武蔵野市境南町２－２－３,https://map.bk.mufg.jp/b/bk_mufg/info/BA590243/
武蔵境支店,東京都,〒180-0023　東京都武蔵野市境南町２－２－３,https://map.bk.mufg.jp/b/bk_mufg/info/BA592419/
武蔵新城駅前支店,神奈川県,〒211-0045　神奈川県川崎市中原区上新城２－１４－１,https://map.bk.mufg.jp/b/bk_mufg/info/BA592236/
武蔵新城支店,神奈川県,〒211-0045　神奈川県川崎市中原区上新城２－１４－１,https://map.bk.mufg.jp/b/bk_mufg/info/BA590375/
室町支店,東京都,〒103-0021　東京都中央区日本橋本石町１－３－２,https://map.bk.mufg.jp/b/bk_mufg/info/BA590304/
めいげつ支店,東京都,〒102-0083　東京都千代田区麹町５－１－１,https://map.bk.mufg.jp/b/bk_mufg/info/BA591898/
目黒駅前支店,東京都,〒141-0021　東京都品川区上大崎３－１－１,https://map.bk.mufg.jp/b/bk_mufg/info/BA592052/
目黒支店,東京都,〒141-0021　東京都品川区上大崎３－１－１,https://map.bk.mufg.jp/b/bk_mufg/info/BA590340/
目白駅前支店,東京都,〒171-0022　東京都豊島区南池袋２－２８－１０,https://map.bk.mufg.jp/b/bk_mufg/info/BA592152/
目白支店,東京都,〒171-0022　東京都豊島区南池袋２－２８－１０,https://map.bk.mufg.jp/b/bk_mufg/info/BA590403/
元住吉支店,神奈川県,〒211-0025　神奈川県川崎市中原区木月１－３６－６,https://map.bk.mufg.jp/b/bk_mufg/info/BA592244/
本山支店,　愛知県,〒464-0841　愛知県名古屋市千種区覚王山通９－１３,https://map.bk.mufg.jp/b/bk_mufg/info/BA590069/
守口支店,大阪府,〒570-0038　大阪府守口市河原町８－３１,https://map.bk.mufg.jp/b/bk_mufg/info/BA590112/
森小路支店,大阪府,〒534-0024　大阪府大阪市都島区東野田町２－４－１３,https://map.bk.mufg.jp/b/bk_mufg/info/BA590173/
守山支店,　愛知県,〒461-0025　愛知県名古屋市東区徳川１－１５－３０,https://map.bk.mufg.jp/b/bk_mufg/info/BA590392/
門前仲町支店,東京都,〒135-0048　東京都江東区門前仲町２－５－１,https://map.bk.mufg.jp/b/bk_mufg/info/BA590189/
八重洲通支店,東京都,〒104-0041　東京都中央区新富１－１８－１,https://map.bk.mufg.jp/b/bk_mufg/info/BA591964/
八戸ノ里支店,大阪府,〒577-0036　大阪府東大阪市御厨栄町１－４－２,https://map.bk.mufg.jp/b/bk_mufg/info/BA590087/
八尾駅前支店,大阪府,〒581-0802　大阪府八尾市北本町２－３－２５,https://map.bk.mufg.jp/b/bk_mufg/info/BA592487/
八尾支店,大阪府,〒581-0802　大阪府八尾市北本町２－３－２５,https://map.bk.mufg.jp/b/bk_mufg/info/BA590205/
八事支店,　愛知県,〒468-0061　愛知県名古屋市天白区八事天道３１８,https://map.bk.mufg.jp/b/bk_mufg/info/BA590382/
八千代支店,　千葉県,〒275-0016　千葉県習志野市津田沼１－１０－５１,https://map.bk.mufg.jp/b/bk_mufg/info/BA592522/
弥富支店,　愛知県,〒497-0040　愛知県海部郡蟹江町城４－５６２,https://map.bk.mufg.jp/b/bk_mufg/info/BA590424/
柳橋支店,　愛知県,〒450-0003　愛知県名古屋市中村区名駅南１－１６－３０,https://map.bk.mufg.jp/b/bk_mufg/info/BA590419/
大和王寺支店,　奈良県,〒636-0003　奈良県北葛城郡王寺町久度２－３－１－１０３,https://map.bk.mufg.jp/b/bk_mufg/info/BA590198/
大和郡山支店,　奈良県,〒630-8225　奈良県奈良市西御門町２７－１,https://map.bk.mufg.jp/b/bk_mufg/info/BA590146/
大和支店,神奈川県,〒242-0016　神奈川県大和市大和南１－２－１５,https://map.bk.mufg.jp/b/bk_mufg/info/BA592260/
大和高田支店,　奈良県,〒634-0078　奈良県橿原市八木町１－８－２２,https://map.bk.mufg.jp/b/bk_mufg/info/BA590085/
やまびこ支店,東京都,〒102-0083　東京都千代田区麹町５－１－１,https://map.bk.mufg.jp/b/bk_mufg/info/BA591892/
八幡支店,　千葉県,〒272-0021　千葉県市川市八幡３－１－１６,https://map.bk.mufg.jp/b/bk_mufg/info/BA592275/
ゆうがお支店,東京都,〒102-0083　東京都千代田区麹町５－１－１,https://map.bk.mufg.jp/b/bk_mufg/info/BA782864/
祐天寺支店,東京都,〒153-0051　東京都目黒区上目黒２－１－２,https://map.bk.mufg.jp/b/bk_mufg/info/BA590102/
横須賀支店,神奈川県,〒238-0008　神奈川県横須賀市大滝町１－２３,https://map.bk.mufg.jp/b/bk_mufg/info/BA592560/
横浜駅前支店,神奈川県,〒220-0004　神奈川県横浜市西区北幸１－１１－２０,https://map.bk.mufg.jp/b/bk_mufg/info/BA592238/
横浜支店,神奈川県,〒231-0005　神奈川県横浜市中区本町３－２７－１,https://map.bk.mufg.jp/b/bk_mufg/info/BA592430/
横浜中央支店,神奈川県,〒231-0005　神奈川県横浜市中区本町３－２７－１,https://map.bk.mufg.jp/b/bk_mufg/info/BA590060/
横浜中山支店,神奈川県,〒222-0033　神奈川県横浜市港北区新横浜３－７－１７,https://map.bk.mufg.jp/b/bk_mufg/info/BA592080/
横浜西口支店,神奈川県,〒220-0004　神奈川県横浜市西区北幸１－１１－２０,https://map.bk.mufg.jp/b/bk_mufg/info/BA590086/
横浜白楽支店,神奈川県,〒220-0004　神奈川県横浜市西区北幸１－１１－２０,https://map.bk.mufg.jp/b/bk_mufg/info/BA590263/
横浜藤が丘支店,神奈川県,〒227-0062　神奈川県横浜市青葉区青葉台１－６－１２,https://map.bk.mufg.jp/b/bk_mufg/info/BA592435/
四日市支店,　三重県,〒510-0085　三重県四日市市諏訪町８－１７,https://map.bk.mufg.jp/b/bk_mufg/info/BA590458/
四日市中央支店,　三重県,〒510-0085　三重県四日市市諏訪町８－１７,https://map.bk.mufg.jp/b/bk_mufg/info/BA592412/
四谷三丁目支店,東京都,〒160-0004　東京都新宿区四谷１－６－１,https://map.bk.mufg.jp/b/bk_mufg/info/BA590075/
四谷支店,東京都,〒160-0004　東京都新宿区四谷１－６－１,https://map.bk.mufg.jp/b/bk_mufg/info/BA591999/
代々木上原支店,東京都,〒151-0066　東京都渋谷区西原３－８－５,https://map.bk.mufg.jp/b/bk_mufg/info/BA592105/
リテールアカウント支店,東京都,〒153-0042　東京都目黒区青葉台４－８－６,https://map.bk.mufg.jp/b/bk_mufg/info/BA591888/
六番町支店,　愛知県,〒460-0022　愛知県名古屋市中区金山１－１４－１８,https://map.bk.mufg.jp/b/bk_mufg/info/BA590433/
六本木支店,東京都,〒106-0032　東京都港区六本木４－９－７,https://map.bk.mufg.jp/b/bk_mufg/info/BA591991/
わかたけ支店,東京都,〒102-0083　東京都千代田区麹町５－１－１,https://map.bk.mufg.jp/b/bk_mufg/info/BA591897/
和歌山支店,和歌山県,〒640-8152　和歌山県和歌山市十番丁１９,https://map.bk.mufg.jp/b/bk_mufg/info/BA590350/
和光駅前支店,東京都,〒175-0093　東京都板橋区赤塚新町１－２０－６,https://map.bk.mufg.jp/b/bk_mufg/info/BA590436/
和光支店,東京都,〒175-0093　東京都板橋区赤塚新町１－２０－６,https://map.bk.mufg.jp/b/bk_mufg/info/BA592441/
蕨支店,　埼玉県,〒333-0851　埼玉県川口市芝新町８－１,https://map.bk.mufg.jp/b/bk_mufg/info/BA590133/
愛知県庁出張所,　愛知県,〒460-0001　愛知県名古屋市中区三の丸３－１－２,https://map.bk.mufg.jp/b/bk_mufg/info/BA590098/
有松出張所,　愛知県,〒458-0801　愛知県名古屋市緑区鳴海町字本町１８－３,https://map.bk.mufg.jp/b/bk_mufg/info/BA590406/
市ヶ谷コンサルティングオフィス,東京都,〒102-0073　東京都千代田区九段北３－２－１１,https://map.bk.mufg.jp/b/bk_mufg/info/BA841680/
大山田出張所,　三重県,〒511-0079　三重県桑名市有楽町３６,https://map.bk.mufg.jp/b/bk_mufg/info/BA590459/
関西空港出張所,大阪府,〒549-0001　大阪府泉佐野市泉州空港北１番地,https://map.bk.mufg.jp/b/bk_mufg/info/BA592533/
京都市役所出張所,京都府,〒604-8571　京都府京都市中京区寺町通御池上ル上本能寺前町４８８,https://map.bk.mufg.jp/b/bk_mufg/info/BA590227/
逆瀬川出張所,　兵庫県,〒665-0861　兵庫県宝塚市中山寺１－８－１４,https://map.bk.mufg.jp/b/bk_mufg/info/BA590280/
汁谷出張所,　愛知県,〒464-0850　愛知県名古屋市千種区今池１－９－１０,https://map.bk.mufg.jp/b/bk_mufg/info/BA590405/
新浦安コンサルティングオフィス,　千葉県,〒279-0012　千葉県浦安市入船１－５－２,https://map.bk.mufg.jp/b/bk_mufg/info/BA841583/
鷹の台出張所,東京都,〒185-0012　東京都国分寺市本町３－１０－２０,https://map.bk.mufg.jp/b/bk_mufg/info/BA590199/
田口特別出張所,　愛知県,〒441-1373　愛知県新城市字西新町６４,https://map.bk.mufg.jp/b/bk_mufg/info/BA590454/
中部国際空港出張所,　愛知県,〒479-0881　愛知県常滑市セントレア１－１,https://map.bk.mufg.jp/b/bk_mufg/info/BA590410/
中部国際空港第三出張所（両替所）,　愛知県,〒479-0881　愛知県常滑市セントレア１－１、５－２,https://map.bk.mufg.jp/b/bk_mufg/info/BA841662/
中部国際空港第二出張所（両替所）,　愛知県,〒479-0881　愛知県常滑市セントレア１－１,https://map.bk.mufg.jp/b/bk_mufg/info/BA591876/
帝京大病院出張所,東京都,〒173-0003　東京都板橋区加賀２－１１－１,https://map.bk.mufg.jp/b/bk_mufg/info/BA592166/
東京女子医大出張所,東京都,〒160-0004　東京都新宿区四谷１－６－１,https://map.bk.mufg.jp/b/bk_mufg/info/BA590108/
富雄出張所,　奈良県,〒631-0036　奈良県奈良市学園北１－９－１,https://map.bk.mufg.jp/b/bk_mufg/info/BA590062/
豊橋南出張所,　愛知県,〒440-0888　愛知県豊橋市駅前大通３－６３,https://map.bk.mufg.jp/b/bk_mufg/info/BA590294/
名古屋市役所出張所,　愛知県,〒460-0001　愛知県名古屋市中区三の丸３－１－１,https://map.bk.mufg.jp/b/bk_mufg/info/BA590118/
成田空港第２ビル出張所,　千葉県,〒260-8636　千葉県千葉市中央区富士見２－３－１,https://map.bk.mufg.jp/b/bk_mufg/info/BA592434/
西明石特別出張所,　兵庫県,〒673-0016　兵庫県明石市松の内２－４－１１,https://map.bk.mufg.jp/b/bk_mufg/info/BA590362/
浜田山出張所,東京都,〒168-0065　東京都杉並区浜田山３－２３－１,https://map.bk.mufg.jp/b/bk_mufg/info/BA592138/
阪神甲子園出張所,　兵庫県,〒663-8204　兵庫県西宮市高松町５－２２,https://map.bk.mufg.jp/b/bk_mufg/info/BA590089/
東刈谷出張所,　愛知県,〒448-0845　愛知県刈谷市銀座４－２９,https://map.bk.mufg.jp/b/bk_mufg/info/BA590401/
本店第一出張所,東京都,〒100-8388　東京都千代田区丸の内２－７－１,https://map.bk.mufg.jp/b/bk_mufg/info/BA754901/
茗荷谷出張所,東京都,〒113-0033　東京都文京区本郷３－３３－５,https://map.bk.mufg.jp/b/bk_mufg/info/BA590208/
三好ヶ丘出張所,　愛知県,〒471-8530　愛知県豊田市喜多町２－１７０,https://map.bk.mufg.jp/b/bk_mufg/info/BA590400/
用賀出張所,東京都,〒158-0094　東京都世田谷区玉川２－２４－５,https://map.bk.mufg.jp/b/bk_mufg/info/BA590265/
洛西出張所,京都府,〒610-1143　京都府京都市西京区大原野東境谷町２－５－４,https://map.bk.mufg.jp/b/bk_mufg/info/BA590357/
関西住宅ローン推進部,大阪府,〒541-0044　大阪府大阪市中央区伏見町３－４－９,https://map.bk.mufg.jp/b/bk_mufg/info/BA604743/
東京第一住宅ローン推進室,東京都,〒103-0027　東京都中央区日本橋１－２－５,https://map.bk.mufg.jp/b/bk_mufg/info/BA816083/
東京第三住宅ローン推進室,東京都,〒103-0027　東京都中央区日本橋１－２－５,https://map.bk.mufg.jp/b/bk_mufg/info/BA841527/
東京第二住宅ローン推進室,東京都,〒103-0027　東京都中央区日本橋１－２－５,https://map.bk.mufg.jp/b/bk_mufg/info/BA816094/
三菱ＵＦＪローンビジネス池袋第一営業所（銀行代理業者）,東京都,〒171-0022　東京都豊島区南池袋２－２８－１０,https://map.bk.mufg.jp/b/bk_mufg/info/BA816144/
三菱ＵＦＪローンビジネス池袋第二営業所（銀行代理業者）,東京都,〒171-0022　東京都豊島区南池袋２－２８－１０,https://map.bk.mufg.jp/b/bk_mufg/info/BA841903/
三菱ＵＦＪローンビジネス梅田第一営業所（銀行代理業者）,大阪府,〒530-0017　大阪府大阪市北区角田町８－４７,https://map.bk.mufg.jp/b/bk_mufg/info/BA841872/
三菱ＵＦＪローンビジネス梅田第二営業所（銀行代理業者）,大阪府,〒530-0017　大阪府大阪市北区角田町８－４７,https://map.bk.mufg.jp/b/bk_mufg/info/BA841873/
三菱ＵＦＪローンビジネス大宮駅前営業所（銀行代理業者）[旧：大宮駅前ローン推進室],　埼玉県,〒330-0845　埼玉県さいたま市大宮区仲町２－９,https://map.bk.mufg.jp/b/bk_mufg/info/BA816150/
三菱ＵＦＪローンビジネス大森営業所（銀行代理業者）,東京都,〒143-0016　東京都大田区大森北１－２－３,https://map.bk.mufg.jp/b/bk_mufg/info/BA816142/
