地域,支店名,詳細URL
北海道・東北,札幌支店,https://www.sc.mufg.jp/branch/area01/612.html
北海道・東北,仙台支店,https://www.sc.mufg.jp/branch/area01/255.html
東京都,本店コンサルティング部,https://www.sc.mufg.jp/branch/area02/600.html
東京都,新宿支店,https://www.sc.mufg.jp/branch/area02/644.html
東京都,渋谷支店,https://www.sc.mufg.jp/branch/area02/5040.html
東京都,池袋支店,https://www.sc.mufg.jp/branch/area02/658.html
東京都,立川支店,https://www.sc.mufg.jp/branch/area02/665.html
東京都,ダイレクトコンサルティング部,https://www.sc.mufg.jp/branch/area02/154.html
東京都,プロモーションセンター,https://www.sc.mufg.jp/branch/area02/475.html
関東,大宮支店,https://www.sc.mufg.jp/branch/area03/624.html
関東,千葉支店,https://www.sc.mufg.jp/branch/area03/627.html
関東,横浜支店,https://www.sc.mufg.jp/branch/area03/416.html
愛知県,名古屋支店,https://www.sc.mufg.jp/branch/area04/456.html
愛知県,刈谷支店,https://www.sc.mufg.jp/branch/area04/687.html
中部・北陸,新潟支店,https://www.sc.mufg.jp/branch/area05/680.html
中部・北陸,金沢支店,https://www.sc.mufg.jp/branch/area05/682.html
中部・北陸,静岡支店,https://www.sc.mufg.jp/branch/area05/447.html
大阪府,大阪支店,https://www.sc.mufg.jp/branch/area06/688.html
大阪府,梅田支店,https://www.sc.mufg.jp/branch/area06/802.html
大阪府,難波支店,https://www.sc.mufg.jp/branch/area06/800.html
大阪府,ダイレクトコンサルティング部,https://www.sc.mufg.jp/branch/area06/750.html
近畿,京都支店,https://www.sc.mufg.jp/branch/area07/479.html
近畿,神戸支店,https://www.sc.mufg.jp/branch/area07/811.html
中国・四国,岡山支店,https://www.sc.mufg.jp/branch/area08/540.html
中国・四国,広島支店,https://www.sc.mufg.jp/branch/area08/544.html
中国・四国,高松支店,https://www.sc.mufg.jp/branch/area08/560.html
九州・沖縄,福岡支店,https://www.sc.mufg.jp/branch/area09/827.html
プライベートバンキンググループ,東日本プライベートバンキンググループ,https://www.sc.mufg.jp/branch/pb/east.html
プライベートバンキンググループ,中部プライベートバンキンググループ,https://www.sc.mufg.jp/branch/pb/chubu.html
プライベートバンキンググループ,西日本プライベートバンキンググループ,https://www.sc.mufg.jp/branch/pb/west.html
プライベートバンキンググループ,九州プライベートバンキンググループ,https://www.sc.mufg.jp/branch/pb/kyushu.html
MUFGテラス,MUFGテラス,https://www.sc.mufg.jp/branch/mufgterrace/index.html
CMD,CMD,https://www.sc.mufg.jp/branch/cmd/index.html
