地域,支店名,詳細URL,郵便番号,住所,電話番号
北海道・東北,札幌支店,https://www.sc.mufg.jp/branch/area01/612.html,060-0042,北海道札幌市中央区大通西3-6,011-261-7131
北海道・東北,仙台支店,https://www.sc.mufg.jp/branch/area01/255.html,980-0021,宮城県仙台市青葉区中央2-2-1,022-225-6911
東京都,本店コンサルティング部,https://www.sc.mufg.jp/branch/area02/600.html,100-8127,東京都千代田区大手町1-9-2,03-5201-1777
東京都,新宿支店,https://www.sc.mufg.jp/branch/area02/644.html,160-0022,東京都新宿区新宿4-1-6,03-3351-0550
東京都,渋谷支店,https://www.sc.mufg.jp/branch/area02/5040.html,150-8967,東京都渋谷区道玄坂1-3-2,03-3476-9150
東京都,池袋支店,https://www.sc.mufg.jp/branch/area02/658.html,170-0013,東京都豊島区東池袋4-7-7,03-3983-3661
東京都,立川支店,https://www.sc.mufg.jp/branch/area02/665.html,190-0012,東京都立川市曙町2-37-7,042-524-9111
東京都,ダイレクトコンサルティング部,https://www.sc.mufg.jp/branch/area02/154.html,112-8688,東京都文京区目白台3-29-20目白台ビル,[ご来店いただくことはできません。お客さまによってお電話番号が異なります。]
東京都,プロモーションセンター,https://www.sc.mufg.jp/branch/area02/475.html,112-8688,東京都文京区目白台3-29-20目白台ビル,[ご来店いただくことはできません。お客さまによってお電話番号が異なります。]
関東,大宮支店,https://www.sc.mufg.jp/branch/area03/624.html,330-0802,埼玉県さいたま市大宮区宮町1-109-1,048-642-5931
関東,千葉支店,https://www.sc.mufg.jp/branch/area03/627.html,260-0028,千葉県千葉市中央区新町1-19,043-246-5931
関東,横浜支店,https://www.sc.mufg.jp/branch/area03/416.html,220-0004,神奈川県横浜市西区北幸1-11-11,045-311-1661
愛知県,名古屋支店,https://www.sc.mufg.jp/branch/area04/456.html,460-0003,愛知県名古屋市中区錦3-21-24,052-232-2820
愛知県,刈谷支店,https://www.sc.mufg.jp/branch/area04/687.html,448-0027,愛知県刈谷市相生町1-1-1,0566-21-4800
中部・北陸,新潟支店,https://www.sc.mufg.jp/branch/area05/680.html,951-8063,新潟市中央区古町通七番町1010,025-226-1319
中部・北陸,金沢支店,https://www.sc.mufg.jp/branch/area05/682.html,920-0961,石川県金沢市香林坊2-3-25,076-261-8191
中部・北陸,静岡支店,https://www.sc.mufg.jp/branch/area05/447.html,420-0857,静岡県静岡市葵区御幸町5-9,054-253-9141
大阪府,大阪支店,https://www.sc.mufg.jp/branch/area06/688.html,541-0044,大阪市中央区伏見町3-5-6,06-6208-2401
大阪府,梅田支店,https://www.sc.mufg.jp/branch/area06/802.html,530-0001,大阪府大阪市北区梅田1-8-17,06-6342-5931
大阪府,難波支店,https://www.sc.mufg.jp/branch/area06/800.html,542-0076,大阪府大阪市中央区難波2-2-3,06-6213-1400
大阪府,ダイレクトコンサルティング部,https://www.sc.mufg.jp/branch/area06/750.html,541-0044,大阪市中央区伏見町3-5-6（大阪支店内）,[ご来店いただくことはできません。お客さまによってお電話番号が異なります。]
近畿,京都支店,https://www.sc.mufg.jp/branch/area07/479.html,600-8008,京都府京都市下京区,075-211-8371
近畿,神戸支店,https://www.sc.mufg.jp/branch/area07/811.html,650-0037,兵庫県神戸市中央区明石町48,078-331-0181
中国・四国,岡山支店,https://www.sc.mufg.jp/branch/area08/540.html,700-0827,岡山県岡山市北区平和町1-1,086-224-5571
中国・四国,広島支店,https://www.sc.mufg.jp/branch/area08/544.html,730-0011,広島県広島市中区基町13-9,082-228-5801
中国・四国,高松支店,https://www.sc.mufg.jp/branch/area08/560.html,760-0051,香川県高松市南新町1-1,087-839-1010
九州・沖縄,福岡支店,https://www.sc.mufg.jp/branch/area09/827.html,812-0012,福岡県福岡市博多区博多駅中央街8-1,092-482-5600
プライベートバンキンググループ,東日本プライベートバンキンググループ,https://www.sc.mufg.jp/branch/pb/east.html,100-8148,東京都千代田区大手町1-9-5,03-6311-3111
プライベートバンキンググループ,中部プライベートバンキンググループ,https://www.sc.mufg.jp/branch/pb/chubu.html,460-0003,愛知県名古屋市中区錦2-20-15,052-217-2900
プライベートバンキンググループ,西日本プライベートバンキンググループ,https://www.sc.mufg.jp/branch/pb/west.html,530-0001,大阪府大阪市北区梅田2-5-25,06-6344-1258
プライベートバンキンググループ,九州プライベートバンキンググループ,https://www.sc.mufg.jp/branch/pb/kyushu.html,812-0012,福岡県福岡市博多区博多駅中央街8-1JRJP博多ビル9階,092-482-5713
MUFGテラス,MUFGテラス,https://www.sc.mufg.jp/branch/mufgterrace/index.html,,,
CMD,CMD,https://www.sc.mufg.jp/branch/cmd/index.html,,,03-6311-3460
