地域名,支店名,支店詳細URL
北海道,旭川支店,https://www.nomura.co.jp/branch/branch/asahikawa.html
北海道,釧路支店,https://www.nomura.co.jp/branch/branch/kushiro.html
北海道,札幌支店,https://www.nomura.co.jp/branch/branch/sapporo.html
北海道,とかち帯広営業所,https://www.nomura.co.jp/branch/branch/tokachi.html
北海道,函館支店,https://www.nomura.co.jp/branch/branch/hakodate.html
北海道,青森支店,https://www.nomura.co.jp/branch/branch/aomori.html
北海道,八戸支店,https://www.nomura.co.jp/branch/branch/hachinohe.html
北海道,盛岡支店,https://www.nomura.co.jp/branch/branch/morioka.html
北海道,仙台支店,https://www.nomura.co.jp/branch/branch/sendai.html
北海道,秋田支店,https://www.nomura.co.jp/branch/branch/akita.html
北海道,山形支店,https://www.nomura.co.jp/branch/branch/yamagata.html
北海道,いわき営業所,https://www.nomura.co.jp/branch/branch/iwaki.html
北海道,郡山支店,https://www.nomura.co.jp/branch/branch/kooriyam.html
北海道,福島支店,https://www.nomura.co.jp/branch/branch/fukushima.html
北海道,本店金融マネジメント部,https://www.nomura.co.jp/branch/branch/h_kmanage.html
北海道,本店エグゼクティブ・コンサルティング部,https://www.nomura.co.jp/branch/branch/h_kmanage2.html
北海道,本店営業部,https://www.nomura.co.jp/branch/branch/h_eigyou.html
北海道,本店 法人営業,https://www.nomura.co.jp/branch/branch/nihon_houjin.html
北海道,本店プライベート・ウェルス・マネジメント部,https://www.nomura.co.jp/branch/branch/h_wmanage1.html
北海道,品川支店,https://www.nomura.co.jp/branch/branch/shinagawa.html
北海道,新宿支店,https://www.nomura.co.jp/branch/branch/shinjuku.html
北海道,自由が丘支店,https://www.nomura.co.jp/branch/branch/jiyuugaoka.html
北海道,大森支店,https://www.nomura.co.jp/branch/branch/oomori.html
北海道,渋谷支店,https://www.nomura.co.jp/branch/branch/shibuya.html
北海道,荻窪支店,https://www.nomura.co.jp/branch/branch/ogikubo.html
北海道,池袋支店,https://www.nomura.co.jp/branch/branch/ikebukuro.html
北海道,小岩支店,https://www.nomura.co.jp/branch/branch/koiwa.html
北海道,吉祥寺支店,https://www.nomura.co.jp/branch/branch/kichijoji.html
北海道,立川支店,https://www.nomura.co.jp/branch/branch/tachikawa.html
北海道,調布支店,https://www.nomura.co.jp/branch/branch/chofu.html
北海道,八王子支店,https://www.nomura.co.jp/branch/branch/hachioji.html
北海道,町田支店,https://www.nomura.co.jp/branch/branch/machida.html
北海道,浦和支店,https://www.nomura.co.jp/branch/branch/urawa.html
北海道,川口支店,https://www.nomura.co.jp/branch/branch/kawaguch.html
北海道,川越支店,https://www.nomura.co.jp/branch/branch/kawagoe.html
北海道,熊谷支店,https://www.nomura.co.jp/branch/branch/kumagaya.html
北海道,越谷支店,https://www.nomura.co.jp/branch/branch/koshigaya.html
北海道,さいたま支店,https://www.nomura.co.jp/branch/branch/saitama.html
北海道,所沢支店,https://www.nomura.co.jp/branch/branch/tokorozawa.html
北海道,柏支店,https://www.nomura.co.jp/branch/branch/kashiwa.html
北海道,千葉支店,https://www.nomura.co.jp/branch/branch/chiba.html
北海道,船橋支店,https://www.nomura.co.jp/branch/branch/funabashi.html
北海道,松戸支店,https://www.nomura.co.jp/branch/branch/matsudo.html
北海道,厚木支店,https://www.nomura.co.jp/branch/branch/atsugi.html
北海道,小田原支店,https://www.nomura.co.jp/branch/branch/odawara.html
北海道,川崎支店,https://www.nomura.co.jp/branch/branch/kawasaki.html
北海道,たまプラーザ支店,https://www.nomura.co.jp/branch/branch/tamaplaza.html
北海道,戸塚支店,https://www.nomura.co.jp/branch/branch/totsuka.html
北海道,平塚支店,https://www.nomura.co.jp/branch/branch/hiratsuka.html
北海道,藤沢支店,https://www.nomura.co.jp/branch/branch/fujisawa.html
北海道,横須賀支店,https://www.nomura.co.jp/branch/branch/yokosuka.html
北海道,横浜支店,https://www.nomura.co.jp/branch/branch/yokohama.html
北海道,つくば支店,https://www.nomura.co.jp/branch/branch/tsukuba.html
北海道,水戸支店,https://www.nomura.co.jp/branch/branch/mito.html
北海道,宇都宮支店,https://www.nomura.co.jp/branch/branch/utsunomiya.html
北海道,太田支店,https://www.nomura.co.jp/branch/branch/oota.html
北海道,高崎支店,https://www.nomura.co.jp/branch/branch/takasaki.html
北海道,甲府支店,https://www.nomura.co.jp/branch/branch/koufu.html
北海道,長野支店,https://www.nomura.co.jp/branch/branch/nagano.html
北海道,松本支店,https://www.nomura.co.jp/branch/branch/matsumoto.html
北海道,岐阜支店,https://www.nomura.co.jp/branch/branch/gifu.html
北海道,静岡支店,https://www.nomura.co.jp/branch/branch/shizuoka.html
北海道,沼津支店,https://www.nomura.co.jp/branch/branch/numazu.html
北海道,浜松支店,https://www.nomura.co.jp/branch/branch/hamamatsu.html
北海道,岡崎支店,https://www.nomura.co.jp/branch/branch/okazaki.html
北海道,豊田支店,https://www.nomura.co.jp/branch/branch/toyota.html
北海道,豊橋支店,https://www.nomura.co.jp/branch/branch/toyohashi.html
北海道,名古屋駅前支店,https://www.nomura.co.jp/branch/branch/nagoya_e.html
北海道,名古屋金融公共法人部,https://www.nomura.co.jp/branch/branch/nagoya_kinyu.html
北海道,本店金融マネジメント部 名古屋,https://www.nomura.co.jp/branch/branch/h_kmanage_n.html
北海道,本店エグゼクティブ・コンサルティング部 名古屋,https://www.nomura.co.jp/branch/branch/h_ec_n.html
北海道,名古屋支店営業部,https://www.nomura.co.jp/branch/branch/n_eigyou.html
北海道,名古屋支店プライベート・ウェルス・マネジメント部,https://www.nomura.co.jp/branch/branch/n_wmanage.html
北海道,津支店,https://www.nomura.co.jp/branch/branch/tsu.html
北海道,四日市支店,https://www.nomura.co.jp/branch/branch/yokkaichi.html
北海道,新潟支店,https://www.nomura.co.jp/branch/branch/niigata.html
北海道,富山支店,https://www.nomura.co.jp/branch/branch/toyama.html
北海道,金沢支店,https://www.nomura.co.jp/branch/branch/kanazawa.html
北海道,福井法人部,https://www.nomura.co.jp/branch/branch/fukui.html
北海道,大津支店,https://www.nomura.co.jp/branch/branch/ootsu.html
北海道,京都支店,https://www.nomura.co.jp/branch/branch/kyoto.html
北海道,梅田支店,https://www.nomura.co.jp/branch/branch/umeda.html
北海道,大阪金融公共法人部,https://www.nomura.co.jp/branch/branch/oosaka_kinyu.html
北海道,本店金融マネジメント部 大阪,https://www.nomura.co.jp/branch/branch/h_kmanage_o.html
北海道,本店エグゼクティブ・コンサルティング部 大阪,https://www.nomura.co.jp/branch/branch/h_ec_o.html
北海道,大阪支店営業部,https://www.nomura.co.jp/branch/branch/o_eigyou.html
北海道,大阪支店プライベート・ウェルス・マネジメント部,https://www.nomura.co.jp/branch/branch/o_wmanage.html
北海道,堺支店,https://www.nomura.co.jp/branch/branch/sakai.html
北海道,高槻支店,https://www.nomura.co.jp/branch/branch/takatsuki.html
北海道,天王寺支店,https://www.nomura.co.jp/branch/branch/tennouji.html
北海道,なんば支店,https://www.nomura.co.jp/branch/branch/nanba.html
北海道,枚方支店,https://www.nomura.co.jp/branch/branch/hirakata.html
北海道,神戸支店,https://www.nomura.co.jp/branch/branch/kobe.html
北海道,西宮支店,https://www.nomura.co.jp/branch/branch/nishinomiy.html
北海道,姫路支店,https://www.nomura.co.jp/branch/branch/himeji.html
北海道,奈良支店,https://www.nomura.co.jp/branch/branch/nara.html
北海道,和歌山支店,https://www.nomura.co.jp/branch/branch/wakayama.html
北海道,鳥取島根法人部,https://www.nomura.co.jp/branch/branch/tottori.html
北海道,岡山支店,https://www.nomura.co.jp/branch/branch/okayama.html
北海道,倉敷支店,https://www.nomura.co.jp/branch/branch/kurashiki.html
北海道,広島支店,https://www.nomura.co.jp/branch/branch/hiroshima.html
北海道,福山支店,https://www.nomura.co.jp/branch/branch/fukuyama.html
北海道,下関支店,https://www.nomura.co.jp/branch/branch/shimonose.html
北海道,徳山支店,https://www.nomura.co.jp/branch/branch/tokuyama.html
北海道,徳島法人部,https://www.nomura.co.jp/branch/branch/tokushima.html
北海道,高松支店,https://www.nomura.co.jp/branch/branch/takamatsu.html
北海道,松山支店,https://www.nomura.co.jp/branch/branch/matsuyam.html
北海道,高知支店,https://www.nomura.co.jp/branch/branch/kouchi.html
北海道,北九州支店,https://www.nomura.co.jp/branch/branch/kitakyushu.html
北海道,久留米支店,https://www.nomura.co.jp/branch/branch/kurume.html
北海道,福岡支店,https://www.nomura.co.jp/branch/branch/fukuoka.html
北海道,佐賀支店,https://www.nomura.co.jp/branch/branch/saga.html
北海道,佐世保支店,https://www.nomura.co.jp/branch/branch/sasebo.html
北海道,長崎支店,https://www.nomura.co.jp/branch/branch/nagasaki.html
北海道,熊本支店,https://www.nomura.co.jp/branch/branch/kumamoto.html
北海道,大分法人部,https://www.nomura.co.jp/branch/branch/ooita.html
北海道,宮崎支店,https://www.nomura.co.jp/branch/branch/miyazaki.html
北海道,鹿児島支店,https://www.nomura.co.jp/branch/branch/kagoshima.html
北海道,那覇支店,https://www.nomura.co.jp/branch/branch/naha.html
北海道,旭川支店,https://www.nomura.co.jp/branch/branch/asahikawa.html
北海道,釧路支店,https://www.nomura.co.jp/branch/branch/kushiro.html
北海道,札幌支店,https://www.nomura.co.jp/branch/branch/sapporo.html
北海道,とかち帯広営業所,https://www.nomura.co.jp/branch/branch/tokachi.html
北海道,函館支店,https://www.nomura.co.jp/branch/branch/hakodate.html
東北,青森支店,https://www.nomura.co.jp/branch/branch/aomori.html
東北,八戸支店,https://www.nomura.co.jp/branch/branch/hachinohe.html
東北,盛岡支店,https://www.nomura.co.jp/branch/branch/morioka.html
東北,仙台支店,https://www.nomura.co.jp/branch/branch/sendai.html
東北,秋田支店,https://www.nomura.co.jp/branch/branch/akita.html
東北,山形支店,https://www.nomura.co.jp/branch/branch/yamagata.html
東北,いわき営業所,https://www.nomura.co.jp/branch/branch/iwaki.html
東北,郡山支店,https://www.nomura.co.jp/branch/branch/kooriyam.html
東北,福島支店,https://www.nomura.co.jp/branch/branch/fukushima.html
関東,本店金融マネジメント部,https://www.nomura.co.jp/branch/branch/h_kmanage.html
関東,本店エグゼクティブ・コンサルティング部,https://www.nomura.co.jp/branch/branch/h_kmanage2.html
関東,本店営業部,https://www.nomura.co.jp/branch/branch/h_eigyou.html
関東,本店 法人営業,https://www.nomura.co.jp/branch/branch/nihon_houjin.html
関東,本店プライベート・ウェルス・マネジメント部,https://www.nomura.co.jp/branch/branch/h_wmanage1.html
関東,品川支店,https://www.nomura.co.jp/branch/branch/shinagawa.html
関東,新宿支店,https://www.nomura.co.jp/branch/branch/shinjuku.html
関東,自由が丘支店,https://www.nomura.co.jp/branch/branch/jiyuugaoka.html
関東,大森支店,https://www.nomura.co.jp/branch/branch/oomori.html
関東,渋谷支店,https://www.nomura.co.jp/branch/branch/shibuya.html
関東,荻窪支店,https://www.nomura.co.jp/branch/branch/ogikubo.html
関東,池袋支店,https://www.nomura.co.jp/branch/branch/ikebukuro.html
関東,小岩支店,https://www.nomura.co.jp/branch/branch/koiwa.html
関東,吉祥寺支店,https://www.nomura.co.jp/branch/branch/kichijoji.html
関東,立川支店,https://www.nomura.co.jp/branch/branch/tachikawa.html
関東,調布支店,https://www.nomura.co.jp/branch/branch/chofu.html
関東,八王子支店,https://www.nomura.co.jp/branch/branch/hachioji.html
関東,町田支店,https://www.nomura.co.jp/branch/branch/machida.html
関東,浦和支店,https://www.nomura.co.jp/branch/branch/urawa.html
関東,川口支店,https://www.nomura.co.jp/branch/branch/kawaguch.html
関東,川越支店,https://www.nomura.co.jp/branch/branch/kawagoe.html
関東,熊谷支店,https://www.nomura.co.jp/branch/branch/kumagaya.html
関東,越谷支店,https://www.nomura.co.jp/branch/branch/koshigaya.html
関東,さいたま支店,https://www.nomura.co.jp/branch/branch/saitama.html
関東,所沢支店,https://www.nomura.co.jp/branch/branch/tokorozawa.html
関東,柏支店,https://www.nomura.co.jp/branch/branch/kashiwa.html
関東,千葉支店,https://www.nomura.co.jp/branch/branch/chiba.html
関東,船橋支店,https://www.nomura.co.jp/branch/branch/funabashi.html
関東,松戸支店,https://www.nomura.co.jp/branch/branch/matsudo.html
関東,厚木支店,https://www.nomura.co.jp/branch/branch/atsugi.html
関東,小田原支店,https://www.nomura.co.jp/branch/branch/odawara.html
関東,川崎支店,https://www.nomura.co.jp/branch/branch/kawasaki.html
関東,たまプラーザ支店,https://www.nomura.co.jp/branch/branch/tamaplaza.html
関東,戸塚支店,https://www.nomura.co.jp/branch/branch/totsuka.html
関東,平塚支店,https://www.nomura.co.jp/branch/branch/hiratsuka.html
関東,藤沢支店,https://www.nomura.co.jp/branch/branch/fujisawa.html
関東,横須賀支店,https://www.nomura.co.jp/branch/branch/yokosuka.html
関東,横浜支店,https://www.nomura.co.jp/branch/branch/yokohama.html
関東,つくば支店,https://www.nomura.co.jp/branch/branch/tsukuba.html
関東,水戸支店,https://www.nomura.co.jp/branch/branch/mito.html
関東,宇都宮支店,https://www.nomura.co.jp/branch/branch/utsunomiya.html
関東,太田支店,https://www.nomura.co.jp/branch/branch/oota.html
関東,高崎支店,https://www.nomura.co.jp/branch/branch/takasaki.html
関東,甲府支店,https://www.nomura.co.jp/branch/branch/koufu.html
中部,長野支店,https://www.nomura.co.jp/branch/branch/nagano.html
中部,松本支店,https://www.nomura.co.jp/branch/branch/matsumoto.html
中部,岐阜支店,https://www.nomura.co.jp/branch/branch/gifu.html
中部,静岡支店,https://www.nomura.co.jp/branch/branch/shizuoka.html
中部,沼津支店,https://www.nomura.co.jp/branch/branch/numazu.html
中部,浜松支店,https://www.nomura.co.jp/branch/branch/hamamatsu.html
中部,岡崎支店,https://www.nomura.co.jp/branch/branch/okazaki.html
中部,豊田支店,https://www.nomura.co.jp/branch/branch/toyota.html
中部,豊橋支店,https://www.nomura.co.jp/branch/branch/toyohashi.html
中部,名古屋駅前支店,https://www.nomura.co.jp/branch/branch/nagoya_e.html
中部,名古屋金融公共法人部,https://www.nomura.co.jp/branch/branch/nagoya_kinyu.html
中部,本店金融マネジメント部 名古屋,https://www.nomura.co.jp/branch/branch/h_kmanage_n.html
中部,本店エグゼクティブ・コンサルティング部 名古屋,https://www.nomura.co.jp/branch/branch/h_ec_n.html
中部,名古屋支店営業部,https://www.nomura.co.jp/branch/branch/n_eigyou.html
中部,名古屋支店プライベート・ウェルス・マネジメント部,https://www.nomura.co.jp/branch/branch/n_wmanage.html
中部,津支店,https://www.nomura.co.jp/branch/branch/tsu.html
中部,四日市支店,https://www.nomura.co.jp/branch/branch/yokkaichi.html
北陸,新潟支店,https://www.nomura.co.jp/branch/branch/niigata.html
北陸,富山支店,https://www.nomura.co.jp/branch/branch/toyama.html
北陸,金沢支店,https://www.nomura.co.jp/branch/branch/kanazawa.html
北陸,福井法人部,https://www.nomura.co.jp/branch/branch/fukui.html
近畿,大津支店,https://www.nomura.co.jp/branch/branch/ootsu.html
近畿,京都支店,https://www.nomura.co.jp/branch/branch/kyoto.html
近畿,梅田支店,https://www.nomura.co.jp/branch/branch/umeda.html
近畿,大阪金融公共法人部,https://www.nomura.co.jp/branch/branch/oosaka_kinyu.html
近畿,本店金融マネジメント部 大阪,https://www.nomura.co.jp/branch/branch/h_kmanage_o.html
近畿,本店エグゼクティブ・コンサルティング部 大阪,https://www.nomura.co.jp/branch/branch/h_ec_o.html
近畿,大阪支店営業部,https://www.nomura.co.jp/branch/branch/o_eigyou.html
近畿,大阪支店プライベート・ウェルス・マネジメント部,https://www.nomura.co.jp/branch/branch/o_wmanage.html
近畿,堺支店,https://www.nomura.co.jp/branch/branch/sakai.html
近畿,高槻支店,https://www.nomura.co.jp/branch/branch/takatsuki.html
近畿,天王寺支店,https://www.nomura.co.jp/branch/branch/tennouji.html
近畿,なんば支店,https://www.nomura.co.jp/branch/branch/nanba.html
近畿,枚方支店,https://www.nomura.co.jp/branch/branch/hirakata.html
近畿,神戸支店,https://www.nomura.co.jp/branch/branch/kobe.html
近畿,西宮支店,https://www.nomura.co.jp/branch/branch/nishinomiy.html
近畿,姫路支店,https://www.nomura.co.jp/branch/branch/himeji.html
近畿,奈良支店,https://www.nomura.co.jp/branch/branch/nara.html
近畿,和歌山支店,https://www.nomura.co.jp/branch/branch/wakayama.html
中国,鳥取島根法人部,https://www.nomura.co.jp/branch/branch/tottori.html
中国,岡山支店,https://www.nomura.co.jp/branch/branch/okayama.html
中国,倉敷支店,https://www.nomura.co.jp/branch/branch/kurashiki.html
中国,広島支店,https://www.nomura.co.jp/branch/branch/hiroshima.html
中国,福山支店,https://www.nomura.co.jp/branch/branch/fukuyama.html
中国,下関支店,https://www.nomura.co.jp/branch/branch/shimonose.html
中国,徳山支店,https://www.nomura.co.jp/branch/branch/tokuyama.html
四国,徳島法人部,https://www.nomura.co.jp/branch/branch/tokushima.html
四国,高松支店,https://www.nomura.co.jp/branch/branch/takamatsu.html
四国,松山支店,https://www.nomura.co.jp/branch/branch/matsuyam.html
四国,高知支店,https://www.nomura.co.jp/branch/branch/kouchi.html
九州・沖縄,北九州支店,https://www.nomura.co.jp/branch/branch/kitakyushu.html
九州・沖縄,久留米支店,https://www.nomura.co.jp/branch/branch/kurume.html
九州・沖縄,福岡支店,https://www.nomura.co.jp/branch/branch/fukuoka.html
九州・沖縄,佐賀支店,https://www.nomura.co.jp/branch/branch/saga.html
九州・沖縄,佐世保支店,https://www.nomura.co.jp/branch/branch/sasebo.html
九州・沖縄,長崎支店,https://www.nomura.co.jp/branch/branch/nagasaki.html
九州・沖縄,熊本支店,https://www.nomura.co.jp/branch/branch/kumamoto.html
九州・沖縄,大分法人部,https://www.nomura.co.jp/branch/branch/ooita.html
九州・沖縄,宮崎支店,https://www.nomura.co.jp/branch/branch/miyazaki.html
九州・沖縄,鹿児島支店,https://www.nomura.co.jp/branch/branch/kagoshima.html
九州・沖縄,那覇支店,https://www.nomura.co.jp/branch/branch/naha.html
