Prefecture,Branch,URL
北海道,札幌支店,https://www.smbcnikko.co.jp/service/office/366/index.html
北海道,旭川支店,https://www.smbcnikko.co.jp/service/office/340/index.html
青森県,青森支店,https://www.smbcnikko.co.jp/service/office/390/index.html
青森県,八戸支店,https://www.smbcnikko.co.jp/service/office/294/index.html
岩手県,盛岡支店,https://www.smbcnikko.co.jp/service/office/339/index.html
宮城県,仙台支店,https://www.smbcnikko.co.jp/service/office/359/index.html
秋田県,秋田支店,https://www.smbcnikko.co.jp/service/office/383/index.html
山形県,山形支店,https://www.smbcnikko.co.jp/service/office/378/index.html
福島県,福島支店,https://www.smbcnikko.co.jp/service/office/377/index.html
茨城県,水戸支店,https://www.smbcnikko.co.jp/service/office/375/index.html
栃木県,宇都宮支店,https://www.smbcnikko.co.jp/service/office/333/index.html
群馬県,高崎支店,https://www.smbcnikko.co.jp/service/office/381/index.html
埼玉県,大宮支店,https://www.smbcnikko.co.jp/service/office/258/index.html
埼玉県,浦和支店,https://www.smbcnikko.co.jp/service/office/264/index.html
埼玉県,川越支店,https://www.smbcnikko.co.jp/service/office/261/index.html
埼玉県,所沢支店,https://www.smbcnikko.co.jp/service/office/263/index.html
埼玉県,本庄深谷支店,https://www.smbcnikko.co.jp/service/office/403/index.html
千葉県,千葉支店,https://www.smbcnikko.co.jp/service/office/256/index.html
千葉県,本八幡支店,https://www.smbcnikko.co.jp/service/office/276/index.html
千葉県,船橋支店,https://www.smbcnikko.co.jp/service/office/259/index.html
千葉県,松戸支店,https://www.smbcnikko.co.jp/service/office/262/index.html
千葉県,柏支店,https://www.smbcnikko.co.jp/service/office/265/index.html
神奈川県,横浜支店,https://www.smbcnikko.co.jp/service/office/255/index.html
神奈川県,横浜関内支店,https://www.smbcnikko.co.jp/service/office/452/index.html
神奈川県,青葉台支店,https://www.smbcnikko.co.jp/service/office/270/index.html
神奈川県,川崎支店,https://www.smbcnikko.co.jp/service/office/253/index.html
神奈川県,新百合ヶ丘支店,https://www.smbcnikko.co.jp/service/office/268/index.html
神奈川県,鎌倉支店,https://www.smbcnikko.co.jp/service/office/307/index.html
神奈川県,藤沢支店,https://www.smbcnikko.co.jp/service/office/257/index.html
神奈川県,小田原支店,https://www.smbcnikko.co.jp/service/office/341/index.html
千代田区,本店,https://www.smbcnikko.co.jp/service/office/112/index.html
千代田区,事業法人営業部コーポレート・ビジネス営業室,https://www.smbcnikko.co.jp/service/office/144/index.html
千代田区,大手町支店,https://www.smbcnikko.co.jp/service/office/224/index.html
千代田区,麹町支店,https://www.smbcnikko.co.jp/service/office/231/index.html
中央区,首都圏営業室,https://www.smbcnikko.co.jp/service/office/113/index.html
中央区,ウェルス・アドバイザリー部　第一課、第二課、第三課,https://www.smbcnikko.co.jp/service/office/121/index.html
中央区,日本橋支店,https://www.smbcnikko.co.jp/service/office/200/index.html
港区,赤坂支店,https://www.smbcnikko.co.jp/service/office/160/index.html
新宿区,新宿支店,https://www.smbcnikko.co.jp/service/office/252/index.html
新宿区,新宿東口支店,https://www.smbcnikko.co.jp/service/office/457/index.html
台東区,上野支店,https://www.smbcnikko.co.jp/service/office/211/index.html
墨田区,錦糸町支店,https://www.smbcnikko.co.jp/service/office/241/index.html
品川区,五反田支店,https://www.smbcnikko.co.jp/service/office/217/index.html
目黒区,自由が丘支店,https://www.smbcnikko.co.jp/service/office/249/index.html
大田区,蒲田支店,https://www.smbcnikko.co.jp/service/office/222/index.html
世田谷区,玉川支店,https://www.smbcnikko.co.jp/service/office/228/index.html
渋谷区,渋谷支店,https://www.smbcnikko.co.jp/service/office/220/index.html
豊島区,池袋支店,https://www.smbcnikko.co.jp/service/office/213/index.html
北区,赤羽支店,https://www.smbcnikko.co.jp/service/office/226/index.html
練馬区,大泉支店,https://www.smbcnikko.co.jp/service/office/234/index.html
足立区,北千住支店,https://www.smbcnikko.co.jp/service/office/251/index.html
立川市,立川支店,https://www.smbcnikko.co.jp/service/office/218/index.html
武蔵野市,吉祥寺支店,https://www.smbcnikko.co.jp/service/office/242/index.html
調布市,調布支店,https://www.smbcnikko.co.jp/service/office/245/index.html
町田市,町田支店,https://www.smbcnikko.co.jp/service/office/260/index.html
新潟県,新潟支店,https://www.smbcnikko.co.jp/service/office/357/index.html
富山県,富山支店,https://www.smbcnikko.co.jp/service/office/358/index.html
富山県,高岡支店,https://www.smbcnikko.co.jp/service/office/342/index.html
石川県,金沢支店,https://www.smbcnikko.co.jp/service/office/363/index.html
福井県,福井支店,https://www.smbcnikko.co.jp/service/office/370/index.html
山梨県,甲府支店,https://www.smbcnikko.co.jp/service/office/334/index.html
長野県,長野支店,https://www.smbcnikko.co.jp/service/office/386/index.html
長野県,松本支店,https://www.smbcnikko.co.jp/service/office/345/index.html
岐阜県,岐阜支店,https://www.smbcnikko.co.jp/service/office/380/index.html
静岡県,静岡支店,https://www.smbcnikko.co.jp/service/office/362/index.html
静岡県,浜松支店,https://www.smbcnikko.co.jp/service/office/369/index.html
静岡県,沼津支店,https://www.smbcnikko.co.jp/service/office/376/index.html
愛知県,名古屋駅前支店,https://www.smbcnikko.co.jp/service/office/372/index.html
愛知県,ウェルス・アドバイザリー部　名古屋室,https://www.smbcnikko.co.jp/service/office/319/index.html
愛知県,名古屋支店,https://www.smbcnikko.co.jp/service/office/520/index.html
愛知県,豊橋支店,https://www.smbcnikko.co.jp/service/office/331/index.html
愛知県,岡崎支店,https://www.smbcnikko.co.jp/service/office/337/index.html
愛知県,豊田支店,https://www.smbcnikko.co.jp/service/office/459/index.html
三重県,四日市支店,https://www.smbcnikko.co.jp/service/office/371/index.html
滋賀県,大津支店,https://www.smbcnikko.co.jp/service/office/344/index.html
京都府,京都支店,https://www.smbcnikko.co.jp/service/office/355/index.html
大阪府,あべのハルカス支店,https://www.smbcnikko.co.jp/service/office/292/index.html
大阪府,大阪支店,https://www.smbcnikko.co.jp/service/office/401/index.html
大阪府,備後町支店,https://www.smbcnikko.co.jp/service/office/289/index.html
大阪府,難波支店,https://www.smbcnikko.co.jp/service/office/296/index.html
大阪府,ウェルス・アドバイザリー部　大阪室,https://www.smbcnikko.co.jp/service/office/299/index.html
大阪府,堺支店,https://www.smbcnikko.co.jp/service/office/282/index.html
大阪府,千里中央支店,https://www.smbcnikko.co.jp/service/office/285/index.html
大阪府,高槻支店,https://www.smbcnikko.co.jp/service/office/293/index.html
大阪府,枚方支店,https://www.smbcnikko.co.jp/service/office/281/index.html
大阪府,小阪支店,https://www.smbcnikko.co.jp/service/office/143/index.html
兵庫県,三宮支店,https://www.smbcnikko.co.jp/service/office/208/index.html
兵庫県,神戸支店,https://www.smbcnikko.co.jp/service/office/356/index.html
兵庫県,姫路支店,https://www.smbcnikko.co.jp/service/office/361/index.html
兵庫県,西宮支店,https://www.smbcnikko.co.jp/service/office/283/index.html
兵庫県,芦屋支店,https://www.smbcnikko.co.jp/service/office/287/index.html
兵庫県,伊丹支店,https://www.smbcnikko.co.jp/service/office/133/index.html
兵庫県,川西支店,https://www.smbcnikko.co.jp/service/office/330/index.html
奈良県,奈良支店,https://www.smbcnikko.co.jp/service/office/338/index.html
和歌山県,和歌山支店,https://www.smbcnikko.co.jp/service/office/379/index.html
鳥取県,米子支店,https://www.smbcnikko.co.jp/service/office/389/index.html
岡山県,岡山支店,https://www.smbcnikko.co.jp/service/office/354/index.html
広島県,広島支店,https://www.smbcnikko.co.jp/service/office/353/index.html
広島県,福山支店,https://www.smbcnikko.co.jp/service/office/343/index.html
山口県,山口法人部,https://www.smbcnikko.co.jp/service/office/houjin_y.html
徳島県,徳島支店,https://www.smbcnikko.co.jp/service/office/347/index.html
香川県,高松支店,https://www.smbcnikko.co.jp/service/office/360/index.html
愛媛県,松山支店,https://www.smbcnikko.co.jp/service/office/368/index.html
高知県,高知支店,https://www.smbcnikko.co.jp/service/office/382/index.html
福岡県,北九州支店,https://www.smbcnikko.co.jp/service/office/365/index.html
福岡県,福岡支店,https://www.smbcnikko.co.jp/service/office/352/index.html
佐賀県,佐賀支店,https://www.smbcnikko.co.jp/service/office/384/index.html
長崎県,長崎支店,https://www.smbcnikko.co.jp/service/office/374/index.html
熊本県,熊本支店,https://www.smbcnikko.co.jp/service/office/364/index.html
大分県,大分支店,https://www.smbcnikko.co.jp/service/office/335/index.html
宮崎県,宮崎支店,https://www.smbcnikko.co.jp/service/office/373/index.html
鹿児島県,鹿児島支店,https://www.smbcnikko.co.jp/service/office/385/index.html
沖縄県,那覇支店,https://www.smbcnikko.co.jp/service/office/397/index.html
