支店名,住所,電話番号
札幌支店,北海道札幌市中央区北１条西４-２-２,0570-04-3195
札幌支店 ＡＴＭ,北海道札幌市中央区北１条西４-２-２,0570-04-3195
小樽 ＡＴＭ,北海道小樽市稲穂２-２０-１　長崎屋内,
盛岡中央通ビル店 ＡＴＭ,岩手県盛岡市中央通１-７-２５　１階,
仙台支店,宮城県仙台市青葉区中央２-２-６,0570-04-3195
仙台支店 ＡＴＭ,宮城県仙台市青葉区中央２-２-６,0570-04-3195
水戸支店,茨城県水戸市宮町１-２-４　ＭＹＭビル６Ｆ,029-231-4062
取手支店,茨城県取手市取手２-１０-１５,0570-04-3195
取手支店 ＡＴＭ,茨城県取手市取手２-１０-１５,0570-04-3195
アトレ取手 ＡＴＭ,茨城県取手市中央町２-５　３階,
牛久支店,茨城県牛久市牛久町２８０,0570-04-3195
牛久支店 ＡＴＭ,茨城県牛久市牛久町２８０,0570-04-3195
つくば支店,茨城県つくば市研究学園５-１９イーアスつくば３階,0570-04-3195
イーアスつくば ＡＴＭ,茨城県つくば市研究学園５-１９　１階,
つくば駅 ＡＴＭ,茨城県つくば市吾妻１-６-１トナリエつくばスクエアキュート１階,
イオンタウン守谷店,茨城県守谷市百合ケ丘３-２４９-１　２階,0570-04-3195
イオンタウン守谷店 ＡＴＭ,茨城県守谷市百合ケ丘３-２４９-１　２階,0570-04-3195
小山支店,栃木県小山市城山町３-４-１,0570-04-3195
小山支店 ＡＴＭ,栃木県小山市城山町３-４-１,0570-04-3195
前橋支店,群馬県前橋市本町２-１-１６,0570-04-3195
前橋支店 ＡＴＭ,群馬県前橋市本町２-１-１６,0570-04-3195
高崎 ＡＴＭ,群馬県高崎市八島町５８-１　ウエストワンビル１階,
太田支店,群馬県太田市飯田町１３８６,0570-04-3195
太田支店 ＡＴＭ,群馬県太田市飯田町１３８６,0570-04-3195
大宮支店,埼玉県さいたま市大宮区大門町２-１０７,0570-04-3195
桶川支店,埼玉県さいたま市大宮区大門町２-１０７,0570-04-3195
大宮支店 ＡＴＭ,埼玉県さいたま市大宮区大門町２-１０７,0570-04-3195
桶川支店 ＡＴＭ,埼玉県さいたま市大宮区大門町２-１０７,0570-04-3195
イオンモール与野 ＡＴＭ,埼玉県さいたま市中央区本町西５-２-９　１階,
浦和支店,埼玉県さいたま市浦和区仲町２-１-１４,0570-04-3195
浦和支店 ＡＴＭ,埼玉県さいたま市浦和区仲町２-１-１４,0570-04-3195
与野駅前 ＡＴＭ,埼玉県さいたま市浦和区上木崎１-１０-１,
浦和蔦屋書店 ＡＴＭ,埼玉県さいたま市浦和区高砂１-１６-１２,
南浦和駅前 ＡＴＭ,埼玉県さいたま市南区南本町１-２-１２,
武蔵浦和支店,埼玉県さいたま市南区白幡５-１９-２２,0570-04-3195
武蔵浦和支店 ＡＴＭ,埼玉県さいたま市南区白幡５-１９-２２,0570-04-3195
川越支店,埼玉県川越市脇田町１０５　アトレビル内,0570-04-3195
川越支店 ＡＴＭ,埼玉県川越市脇田町１０５　アトレビル内,0570-04-3195
東電川越支社 ＡＴＭ,埼玉県川越市三久保町１７-４　１階,
熊谷支店,埼玉県熊谷市本町１-１０４,0570-04-3195
熊谷支店 ＡＴＭ,埼玉県熊谷市本町１-１０４,0570-04-3195
川口支店,埼玉県川口市栄町３-５-１　そごうビル内,0570-04-3195
川口支店 ＡＴＭ,埼玉県川口市栄町３-５-１　そごうビル内,0570-04-3195
わらび東口 ＡＴＭ,埼玉県川口市芝新町５-１,
ララガーデン川口 ＡＴＭ,埼玉県川口市宮町１８-９　１階,
小手指支店,埼玉県所沢市小手指町１-１５-８,0570-04-3195
新所沢支店,埼玉県所沢市日吉町１１-５所沢支店内,0570-04-3195
所沢支店,埼玉県所沢市日吉町１１-５,0570-04-3195
小手指支店 ＡＴＭ,埼玉県所沢市小手指町１-１５-８,0570-04-3195
新所沢支店 ＡＴＭ,埼玉県所沢市日吉町１１-５所沢支店内,0570-04-3195
所沢支店 ＡＴＭ,埼玉県所沢市日吉町１１-５,0570-04-3195
プロペ通り ＡＴＭ,埼玉県所沢市日吉町９-１６,
西友新所沢店 ＡＴＭ,埼玉県所沢市緑町１-２１-２６　２階,
西武新所沢駅 ＡＴＭ,埼玉県所沢市緑町１-２１-２５　１階,
加須駅前 ＡＴＭ,埼玉県加須市中央１-１-１５,
春日部支店,埼玉県春日部市中央１-１-４,0570-04-3195
春日部支店 ＡＴＭ,埼玉県春日部市中央１-１-４,0570-04-3195
ララガーデン春日部 ＡＴＭ,埼玉県春日部市南１-１-１　１階,
原市 ＡＴＭ,埼玉県上尾市原市３３３６,
イオンモール上尾店,埼玉県上尾市愛宕３-８-１　１階,0570-04-3195
イオンモール上尾店 ＡＴＭ,埼玉県上尾市愛宕３-８-１　１階,0570-04-3195
草加支店,埼玉県草加市高砂２-１７-１５,0570-04-3195
草加支店 ＡＴＭ,埼玉県草加市高砂２-１７-１５,0570-04-3195
新越谷 ＡＴＭ,埼玉県越谷市南越谷４-５-５,
イオンレイクタウンｍｏｒｉ店 ＡＴＭ,埼玉県越谷市レイクタウン３-１-１,0570-04-3195
イオンレイクタウンｍｏｒｉ店,埼玉県越谷市レイクタウン３-１-１,0570-04-3195
わらび支店,埼玉県蕨市中央１-２６-１,0570-04-3195
わらび支店 ＡＴＭ,埼玉県蕨市中央１-２６-１,0570-04-3195
入間 ＡＴＭ,埼玉県入間市豊岡１-２-５,
朝霞台 ＡＴＭ,埼玉県朝霞市東弁財１-４-１,
志木ニュータウン支店,埼玉県志木市館２-５-２,0570-04-3195
志木ニュータウン支店 ＡＴＭ,埼玉県志木市館２-５-２,0570-04-3195
和光市 ＡＴＭ,埼玉県和光市丸山台１-１０-４　Ｆ’ＳＢＯＸビル１階,
新座志木支店,埼玉県新座市東北２-３５-１７,0570-04-3195
新座志木支店 ＡＴＭ,埼玉県新座市東北２-３５-１７,0570-04-3195
桶川駅前 ＡＴＭ,埼玉県桶川市若宮１-５-２　桶川マイン１階,
フレスポ八潮 ＡＴＭ,埼玉県八潮市大瀬１-１-３　１階,
みずほ台 ＡＴＭ,埼玉県富士見市西みずほ台３-３-１５,
ふじみ野西 ＡＴＭ,埼玉県富士見市ふじみ野西１-１８-１,
坂戸支店,埼玉県坂戸市緑町３-１,0570-04-3195
坂戸支店 ＡＴＭ,埼玉県坂戸市緑町３-１,0570-04-3195
上福岡支店,埼玉県ふじみ野市上福岡１-６-２,0570-04-3195
上福岡支店 ＡＴＭ,埼玉県ふじみ野市上福岡１-６-２,0570-04-3195
ふじみ野出張所 ＡＴＭ,埼玉県ふじみ野市上福岡１-６-２　上福岡支店内,0570-04-3195
ふじみ野出張所,埼玉県ふじみ野市上福岡１-６-２　上福岡支店内,0570-04-3195
千葉支店,千葉県千葉市中央区富士見２-１-１,0570-04-3195
佐倉支店,千葉県千葉市中央区富士見２-１-１　千葉支店内,0570-04-3195
四街道支店,千葉県千葉市中央区富士見２-１-１千葉支店内,0570-04-3195
成田支店,千葉県千葉市中央区富士見２-１-１　千葉支店内,0570-04-3195
千葉支店 ＡＴＭ,千葉県千葉市中央区富士見２-１-１,0570-04-3195
佐倉支店 ＡＴＭ,千葉県千葉市中央区富士見２-１-１　千葉支店内,0570-04-3195
四街道支店 ＡＴＭ,千葉県千葉市中央区富士見２-１-１千葉支店内,0570-04-3195
成田支店 ＡＴＭ,千葉県千葉市中央区富士見２-１-１　千葉支店内,0570-04-3195
京成千葉駅 ＡＴＭ,千葉県千葉市中央区新町２５０-３,
新検見川駅 ＡＴＭ,千葉県千葉市花見川区南花園２-１-１,
稲毛 ＡＴＭ,千葉県千葉市稲毛区稲毛東３-１９-２２,
新検見川支店,千葉県千葉市美浜区中瀬２-６-１　ワールドビジネスガーデンマリブイースト２階海浜幕張支店内,0570-04-3195
新検見川支店 ＡＴＭ,千葉県千葉市美浜区中瀬２-６-１　ワールドビジネスガーデンマリブイースト２階海浜幕張支店内,0570-04-3195
海浜幕張支店 ＡＴＭ,千葉県千葉市美浜区中瀬２-６-１　ワールドビジネスガーデンマリブイースト２階,0570-04-3195
海浜幕張支店,千葉県千葉市美浜区中瀬２-６-１　ワールドビジネスガーデンマリブイースト２階,0570-04-3195
行徳支店,千葉県市川市行徳駅前２-７-１,0570-04-3195
本八幡支店,千葉県市川市八幡２-１６-７,0570-04-3195
江戸川支店,千葉県市川市八幡２-１６-７本八幡支店内,0570-04-3195
市川支店,千葉県市川市市川１-１２-１,0570-04-3195
市川駅前 ＡＴＭ,千葉県市川市市川１-８-１,
行徳支店 ＡＴＭ,千葉県市川市行徳駅前２-７-１,0570-04-3195
南行徳 ＡＴＭ,千葉県市川市南行徳１-２０-６,
本八幡支店 ＡＴＭ,千葉県市川市八幡２-１６-７,0570-04-3195
江戸川支店 ＡＴＭ,千葉県市川市八幡２-１６-７本八幡支店内,0570-04-3195
市川支店 ＡＴＭ,千葉県市川市市川１-１２-１,0570-04-3195
船橋北口支店,千葉県船橋市本町７-６-１　イトーヨーカドービル内,0570-04-3195
船橋支店,千葉県船橋市本町４-４１-２１,0570-04-3195
千葉ニュータウン支店,千葉県船橋市本町４-４１-２１,0570-04-3195
鎌ケ谷支店,千葉県船橋市本町７-６-１　イトーヨーカドービル内船橋北口支店内,0570-04-3195
金杉台 ＡＴＭ,千葉県船橋市金杉台１-１-１-１０１,
船橋北口支店 ＡＴＭ,千葉県船橋市本町７-６-１　イトーヨーカドービル内,0570-04-3195
船橋支店 ＡＴＭ,千葉県船橋市本町４-４１-２１,0570-04-3195
船橋若松 ＡＴＭ,千葉県船橋市若松２-６-１-１１９,
千葉ニュータウン支店 ＡＴＭ,千葉県船橋市本町４-４１-２１,0570-04-3195
鎌ケ谷支店 ＡＴＭ,千葉県船橋市本町７-６-１　イトーヨーカドービル内船橋北口支店内,0570-04-3195
京成船橋駅 ＡＴＭ,千葉県船橋市本町１-５-１　２階,
東京メトロ原木中山駅 ＡＴＭ,千葉県船橋市本中山７-７-１,
木更津支店,千葉県木更津市大和１-１-３,0570-04-3195
木更津支店 ＡＴＭ,千葉県木更津市大和１-１-３,0570-04-3195
新松戸出張所,千葉県松戸市新松戸２-１１０,0570-04-3195
松戸支店,千葉県松戸市松戸１２２６,0570-04-3195
新松戸出張所 ＡＴＭ,千葉県松戸市新松戸２-１１０,0570-04-3195
松戸支店 ＡＴＭ,千葉県松戸市松戸１２２６,0570-04-3195
成田空港第２旅客ターミナルビル ＡＴＭ,千葉県成田市古込字古込１-１　３階,
成田空港第２旅客ターミナルビル１階 ＡＴＭ,千葉県成田市古込字古込１-１,
成田空港第１旅客ターミナル南ウイング ＡＴＭ,千葉県成田市三里塚字御料牧場１-１　４階,
成田空港第１旅客ターミナル中央ビル ＡＴＭ,千葉県成田市三里塚字御料牧場１-１　１階,
ユーカリが丘 ＡＴＭ,千葉県佐倉市ユーカリが丘４-８-１　京成電鉄ユーカリが丘駅ウィシュトンホテル１階,
イオンタウンユーカリが丘店,千葉県佐倉市西ユーカリが丘６-１２-３　２階,0570-04-3195
イオンタウンユーカリが丘店 ＡＴＭ,千葉県佐倉市西ユーカリが丘６-１２-３　２階,0570-04-3195
京成佐倉駅前 ＡＴＭ,千葉県佐倉市栄町２１-１０,
津田沼駅前支店,千葉県習志野市谷津７-９-１８,0570-04-3195
習志野支店,千葉県習志野市大久保１-２１-１５,0570-04-3195
津田沼駅前支店 ＡＴＭ,千葉県習志野市谷津７-９-１８,0570-04-3195
習志野支店 ＡＴＭ,千葉県習志野市大久保１-２１-１５,0570-04-3195
新津田沼駅前 ＡＴＭ,千葉県習志野市津田沼１-１０-３４イトーヨーカドー津田沼店１階,
柏支店,千葉県柏市柏１-２-３８,0570-04-3195
守谷支店,千葉県柏市柏１-２-３８,0570-04-3195
柏支店 ＡＴＭ,千葉県柏市柏１-２-３８,0570-04-3195
守谷支店 ＡＴＭ,千葉県柏市柏１-２-３８,0570-04-3195
ららぽーと柏の葉 ＡＴＭ,千葉県柏市若柴１７５　１階,
ＪＲ柏駅 ＡＴＭ,千葉県柏市柏１-１-１,
市原 ＡＴＭ,千葉県市原市五井中央西２-８-２６,
流山おおたかの森ショッピングセンター ＡＴＭ,千葉県流山市おおたかの森南１-５-１　１階,
流山おおたかの森支店,千葉県流山市おおたかの森西１-３-２　ラグゼナ流山おおたかの森１階,0570-04-3195
流山おおたかの森支店 ＡＴＭ,千葉県流山市おおたかの森西１-３-２　ラグゼナ流山おおたかの森１階,0570-04-3195
八千代支店,千葉県八千代市八千代台東１-１-１０　ユア・エルム内,0570-04-3195
八千代緑が丘支店,千葉県八千代市八千代台東１-１-１０　ユア・エルム内八千代支店内,0570-04-3195
東葉勝田台駅 ＡＴＭ,千葉県八千代市村上字下市場台北側４５０３-２４,
八千代支店 ＡＴＭ,千葉県八千代市八千代台東１-１-１０　ユア・エルム内,0570-04-3195
八千代緑が丘支店 ＡＴＭ,千葉県八千代市八千代台東１-１-１０　ユア・エルム内八千代支店内,0570-04-3195
八千代緑が丘駅 ＡＴＭ,千葉県八千代市緑が丘１-１１０４-３,
あびこショッピングプラザ ＡＴＭ,千葉県我孫子市我孫子４-１１-１　３階,
アクロスモール新鎌ケ谷 ＡＴＭ,千葉県鎌ケ谷市新鎌ケ谷２-１２-１　１Ｆ,
浦安支店,千葉県浦安市入船１-５-１　モナ新浦安ビルＢ館１階,0570-04-3195
東京ディズニーランド出張所,千葉県浦安市舞浜１-１　ワールドバザール内,047-354-3171
浦安支店 ＡＴＭ,千葉県浦安市入船１-５-１　モナ新浦安ビルＢ館１階,0570-04-3195
東京ディズニーシー ＡＴＭ,千葉県浦安市舞浜１-１,
東京ディズニーランド出張所 ＡＴＭ,千葉県浦安市舞浜１-１　ワールドバザール内,047-354-3171
西浦安 ＡＴＭ,千葉県浦安市舞浜２-４６-５,
四街道 ＡＴＭ,千葉県四街道市鹿渡２００３-２６,
イオンモール千葉ニュータウン１階ＡＴＭ ＡＴＭ,千葉県印西市中央北３-２,
イオンモール千葉ニュータウン店,千葉県印西市中央北３-２　３階,0570-04-3195
イオンモール千葉ニュータウン店 ＡＴＭ,千葉県印西市中央北３-２　３階,0570-04-3195
京成成田駅前 ＡＴＭ,千葉県富里市日吉台２丁目１番地１ヤオコー成田駅前店１階,
神田支店,東京都千代田区神田小川町３-１２神保町支店内,0570-04-3195
麹町支店,東京都千代田区麹町６-６-２,0570-04-3195
神保町支店,東京都千代田区神田小川町３-１２,0570-04-3195
東京営業部,東京都千代田区丸の内１-１-２本店営業部内,0570-04-3195
本店営業部,東京都千代田区丸の内１-１-２,0570-04-3195
丸ノ内支店,東京都千代田区丸の内１-１-２,0570-04-3195
三井物産ビル支店,東京都千代田区大手町１-２-１　地下１階,0570-04-3195
秋葉原東口 ＡＴＭ,東京都千代田区神田佐久間町１-２５-５　秋葉原片山ビル１階,
御茶ノ水 ＡＴＭ,東京都千代田区神田駿河台４-３　新御茶ノ水ビル１階,
霞が関ビル ＡＴＭ,東京都千代田区霞が関３-２-５,
神田支店 ＡＴＭ,東京都千代田区神田小川町３-１２神保町支店内,0570-04-3195
神田南口 ＡＴＭ,東京都千代田区鍛冶町２-１-２,
九段 ＡＴＭ,東京都千代田区九段南１-５-３,
九段南 ＡＴＭ,東京都千代田区九段南３-９-１５,
麹町支店 ＡＴＭ,東京都千代田区麹町６-６-２,0570-04-3195
水道橋 ＡＴＭ,東京都千代田区神田三崎町２-１９-４,
神保町支店 ＡＴＭ,東京都千代田区神田小川町３-１２,0570-04-3195
東京営業部 ＡＴＭ,東京都千代田区丸の内１-１-２本店営業部内,0570-04-3195
半蔵門駅前 ＡＴＭ,東京都千代田区麹町２-２-１６,
本店営業部 ＡＴＭ,東京都千代田区丸の内１-１-２,0570-04-3195
丸ノ内支店 ＡＴＭ,東京都千代田区丸の内１-１-２,0570-04-3195
有楽町 ＡＴＭ,東京都千代田区有楽町２-５-１　有楽町マリオン１階,
東京メトロ淡路町駅 ＡＴＭ,東京都千代田区神田淡路町１-２,
ＴＸ秋葉原駅 ＡＴＭ,東京都千代田区神田佐久間町１-６-５　アキバ・トリム１Ｆ,
サウスタワー ＡＴＭ,東京都千代田区丸の内１-９-２　地下１階,
東京メトロ東京駅 ＡＴＭ,東京都千代田区丸ノ内１-６-５,
読売新聞東京本社 ＡＴＭ,東京都千代田区大手町１-７-１　１Ｆ,
東京サンケイビル ＡＴＭ,東京都千代田区大手町１-７-２地下２階,
東館 ＡＴＭ,東京都千代田区丸の内１-３-２,
東京メトロ溜池山王駅 ＡＴＭ,東京都千代田区永田町２-１１-１,
アトレ秋葉原 ＡＴＭ,東京都千代田区外神田１-１７-６　２階,
鉄鋼ビル ＡＴＭ,東京都千代田区丸の内１-８-２　Ｂ１階,
大手町ホトリア ＡＴＭ,東京都千代田区大手町１-１-２　Ｂ１階,
東京ガーデンテラス紀尾井町第一 ＡＴＭ,東京都千代田区紀尾井町１-２　紀尾井テラス２階,
三井記念病院 ＡＴＭ,東京都千代田区神田和泉町１番地　１階,
霞が関 ＡＴＭ,東京都千代田区霞が関３-８-１虎の門三井ビルディング１階,
丸ノ内 ＡＴＭ,東京都千代田区丸の内３-４-１新国際ビル内,
神田小川町 ＡＴＭ,東京都千代田区神田小川町１-１,
東宝日比谷ビル ＡＴＭ,東京都千代田区有楽町１-２-２　日比谷シャンテＢ２階,
東京ミッドタウン日比谷 ＡＴＭ,東京都千代田区有楽町１-１-２　１階,
新丸ビル ＡＴＭ,東京都千代田区丸の内１-５-１　Ｂ１階,
三井物産ビル支店 ＡＴＭ,東京都千代田区大手町１-２-１　地下１階,0570-04-3195
大手町プレイスイーストタワー ＡＴＭ,東京都千代田区大手町２-３-２　３階,
ＪＲ東京駅八重洲地下中央改札前 ＡＴＭ,東京都千代田区丸の内一丁目９番１号　地下１階,
神田駅前 ＡＴＭ,東京都千代田区鍛冶町２-２-１,
神田駅前支店,東京都中央区日本橋室町２-１-１日本橋支店内,0570-04-3195
浅草橋支店,東京都中央区日本橋室町２-１-１　日本橋支店内,0570-04-3195
京橋支店,東京都中央区銀座６-１０-１　ＧＩＮＺＡ　ＳＩＸ７階銀座支店内,0570-04-3195
銀座支店,東京都中央区銀座６-１０-１,0570-04-3195
築地支店,東京都中央区銀座６-１０-１　ＧＩＮＺＡ　ＳＩＸ７階銀座支店内,0570-04-3195
日本橋支店,東京都中央区日本橋室町２-１-１,0570-04-3195
東京中央支店,東京都中央区日本橋室町２-１-１　日本橋支店内,0570-04-3195
日本橋東支店,東京都中央区日本橋室町２-１-１　日本橋支店内,0570-04-3195
人形町支店,東京都中央区日本橋室町２-１-１日本橋支店内,0570-04-3195
神田駅前支店 ＡＴＭ,東京都中央区日本橋室町２-１-１日本橋支店内,0570-04-3195
浅草橋支店 ＡＴＭ,東京都中央区日本橋室町２-１-１　日本橋支店内,0570-04-3195
京橋支店 ＡＴＭ,東京都中央区銀座６-１０-１　ＧＩＮＺＡ　ＳＩＸ７階銀座支店内,0570-04-3195
銀座支店 ＡＴＭ,東京都中央区銀座６-１０-１,0570-04-3195
小伝馬町駅前 ＡＴＭ,東京都中央区日本橋小伝馬町７-２,
新富町 ＡＴＭ,東京都中央区入船３-３-１１,
築地支店 ＡＴＭ,東京都中央区銀座６-１０-１　ＧＩＮＺＡ　ＳＩＸ７階銀座支店内,0570-04-3195
日本橋支店 ＡＴＭ,東京都中央区日本橋室町２-１-１,0570-04-3195
東京中央支店 ＡＴＭ,東京都中央区日本橋室町２-１-１　日本橋支店内,0570-04-3195
日本橋東支店 ＡＴＭ,東京都中央区日本橋室町２-１-１　日本橋支店内,0570-04-3195
人形町支店 ＡＴＭ,東京都中央区日本橋室町２-１-１日本橋支店内,0570-04-3195
八重洲地下街 ＡＴＭ,東京都中央区八重洲２-１八重洲地下街北１号,
リバーシティピアウエストスクエア ＡＴＭ,東京都中央区佃１-１１-８　１階,
東京メトロ水天宮前駅 ＡＴＭ,東京都中央区日本橋蛎殻町２-１-１,
銀座三越 ＡＴＭ,東京都中央区銀座４-６-１６　Ｂ１階,
八重洲呉服橋 ＡＴＭ,東京都中央区八重洲１-３-３,
晴海トリトン ＡＴＭ,東京都中央区晴海１-８-１６　２階,
銀座インズ２ ＡＴＭ,東京都中央区銀座西２-２　１階,
銀座オアシス ＡＴＭ,東京都中央区銀座５-２-３　Ｂ２階,
銀座ファイブ ＡＴＭ,東京都中央区銀座５-１　Ｂ１階,
ＧＩＮＺＡ　ＳＩＸ ＡＴＭ,東京都中央区銀座６-１０-１　６階,
築地駅前 ＡＴＭ,東京都中央区築地３-１１-６,
銀座松竹スクエア ＡＴＭ,東京都中央区築地１-１３-１　１階,
大伝馬町 ＡＴＭ,東京都中央区日本橋大伝馬町５-７,
茅場町駅前 ＡＴＭ,東京都中央区日本橋茅場町１-１３-１２,
ＣＯＲＥＤＯ室町テラス ＡＴＭ,東京都中央区日本橋室町３-２-１　地下１階,
浅草橋 ＡＴＭ,東京都中央区日本橋馬喰町２-１-１,
築地コンワビル ＡＴＭ,東京都中央区築地１-１２-２２　１階,
京橋駅前 ＡＴＭ,東京都中央区京橋２-８-７　読売八重洲ビル１階,
東京中央 ＡＴＭ,東京都中央区日本橋２-７-１　東京日本橋タワー１階,
霞が関支店,東京都港区西新橋１-３-１西新橋スクエア４階日比谷支店内,0570-04-3195
青山支店,東京都港区南青山５-９-１２アイサワビル２・３階,0570-04-3195
赤坂支店,東京都港区赤坂２-５-１　Ｓ-ＧＡＴＥ赤坂山王２階,0570-04-3195
新橋支店,東京都港区西新橋１-３-１西新橋スクエア４階日比谷支店内,0570-04-3195
浜松町支店,東京都港区浜松町２-３-１日本生命浜松町クレアタワー４階,0570-04-3195
日比谷支店,東京都港区西新橋１-３-１　西新橋スクエア４階,0570-04-3195
三田通支店,東京都港区芝５-２８-１,0570-04-3195
六本木支店,東京都港区六本木６-１-２１　三井住友銀行六本木ビル内,0570-04-3195
品川支店,東京都港区港南２-１６-１　品川イーストワンタワー２階,0570-04-3195
霞が関支店 ＡＴＭ,東京都港区西新橋１-３-１西新橋スクエア４階日比谷支店内,0570-04-3195
青山支店 ＡＴＭ,東京都港区南青山５-９-１２アイサワビル２・３階,0570-04-3195
赤坂アークヒルズ ＡＴＭ,東京都港区赤坂１-１２-３２　アーク森ビル内,
赤坂５丁目交差点前 ＡＴＭ,東京都港区赤坂６-１３-１７,
赤坂支店 ＡＴＭ,東京都港区赤坂２-５-１　Ｓ-ＧＡＴＥ赤坂山王２階,0570-04-3195
泉ガーデン ＡＴＭ,東京都港区六本木１-６-１　１階,
品川インターシティ ＡＴＭ,東京都港区港南２-１５-２　２階,
新橋駅前 ＡＴＭ,東京都港区新橋２-１６-１-１０１,
新橋支店 ＡＴＭ,東京都港区西新橋１-３-１西新橋スクエア４階日比谷支店内,0570-04-3195
田町駅前 ＡＴＭ,東京都港区芝５-３１-７　三田ステーションビルアミタ１階,
トヨタモビリティ東京 ＡＴＭ,東京都港区三田３-１１-３４　センチュリー三田ビル１０階,
浜松町支店 ＡＴＭ,東京都港区浜松町２-３-１日本生命浜松町クレアタワー４階,0570-04-3195
浜松町ビルディング ＡＴＭ,東京都港区芝浦１-１-１　１階,
日比谷支店 ＡＴＭ,東京都港区西新橋１-３-１　西新橋スクエア４階,0570-04-3195
三田通支店 ＡＴＭ,東京都港区芝５-２８-１,0570-04-3195
六本木支店 ＡＴＭ,東京都港区六本木６-１-２１　三井住友銀行六本木ビル内,0570-04-3195
汐留シティセンター ＡＴＭ,東京都港区東新橋１-５　地下２階,
品川支店 ＡＴＭ,東京都港区港南２-１６-１　品川イーストワンタワー２階,0570-04-3195
東京メトロ表参道駅 ＡＴＭ,東京都港区北青山３-６-１２,
東京ミッドタウン ＡＴＭ,東京都港区赤坂９-７-１　地下１階,
赤坂Ｂｉｚタワー ＡＴＭ,東京都港区赤坂５-３-１　地下１階,
虎ノ門駅前 ＡＴＭ,東京都港区虎ノ門１-１-２５第三ローレルビル１階,
西新橋 ＡＴＭ,東京都港区新橋５-１-９銀泉新橋第２ビル,
六本木グランドタワー ＡＴＭ,東京都港区六本木３-２-１　２階,
南青山三丁目 ＡＴＭ,東京都港区南青山３-１-３１　ＮＢＦ南青山ビル１階,
赤坂インターシティＡＩＲ ＡＴＭ,東京都港区赤坂１-８-１　２階,
ＪＲ新橋駅銀座口 ＡＴＭ,東京都港区新橋２-１７-１４　１階,
麻布十番支店,東京都港区麻布十番２-８-６ラベイユ麻布十番１階,0570-04-3195
麻布十番支店 ＡＴＭ,東京都港区麻布十番２-８-６ラベイユ麻布十番１階,0570-04-3195
汐留出張所,東京都港区東新橋１-５-２汐留シティセンター地下２階,0570-04-3195
汐留出張所 ＡＴＭ,東京都港区東新橋１-５-２汐留シティセンター地下２階,0570-04-3195
青山共同 ＡＴＭ,東京都港区北青山３-１１-７　ＳＭＢＣ信託銀行青山支店内,
広尾共同 ＡＴＭ,東京都港区南麻布５-１５-２７　ＳＭＢＣ信託銀行広尾支店内,
六本木ヒルズ ＡＴＭ,東京都港区六本木６-１０-１　２階,
浜松町駅前 ＡＴＭ,東京都港区浜松町１-２９-６浜松町セントラルビル１階,
慈恵大学病院外来棟 ＡＴＭ,東京都港区西新橋３-２５-８　１階,
麻布 ＡＴＭ,東京都港区西麻布４-１-３,
飯田橋支店,東京都新宿区揚場町１-１８飯田橋ビル,0570-04-3195
新宿支店,東京都新宿区新宿３-２４-１　ＮＥＷＮＯ・ＧＳ新宿　３・４階,0570-04-3195
新宿通支店,東京都新宿区新宿３-１４-５,0570-04-3195
新宿西口支店,東京都新宿区西新宿１-７-１,0570-04-3195
高田馬場支店,東京都新宿区高田馬場１-２７-７,0570-04-3195
飯田橋支店 ＡＴＭ,東京都新宿区揚場町１-１８飯田橋ビル,0570-04-3195
信濃町 ＡＴＭ,東京都新宿区信濃町１０,
新宿ＮＳビル ＡＴＭ,東京都新宿区西新宿２-４-１　３階,
新宿支店 ＡＴＭ,東京都新宿区新宿３-２４-１　ＮＥＷＮＯ・ＧＳ新宿　３・４階,0570-04-3195
新宿新都心 ＡＴＭ,東京都新宿区西新宿２-１-１　新宿三井ビル内,
新宿住友ビル ＡＴＭ,東京都新宿区西新宿２-６-１地下１階,
新宿通支店 ＡＴＭ,東京都新宿区新宿３-１４-５,0570-04-3195
新宿西口支店 ＡＴＭ,東京都新宿区西新宿１-７-１,0570-04-3195
高田馬場支店 ＡＴＭ,東京都新宿区高田馬場１-２７-７,0570-04-3195
東京医科大学病院 ＡＴＭ,東京都新宿区西新宿６-７-１　１階,
西新宿 ＡＴＭ,東京都新宿区西新宿７-２１-１,
四谷見附 ＡＴＭ,東京都新宿区四谷２-１４-３７,
新宿御苑前 ＡＴＭ,東京都新宿区新宿１-８-５,
都営地下鉄若松河田駅 ＡＴＭ,東京都新宿区河田町１０-１０,
高田馬場駅前 ＡＴＭ,東京都新宿区高田馬場３-３-１,
東京メトロ市ケ谷駅 ＡＴＭ,東京都新宿区市谷田町１丁目先,
新宿サブナード ＡＴＭ,東京都新宿区歌舞伎町１丁目サブナード１号地下１階,
東京メトロ高田馬場駅 ＡＴＭ,東京都新宿区高田馬場１-３５-２,
江戸川橋 ＡＴＭ,東京都新宿区水道町４-１９,
大塚支店,東京都文京区小日向４-６-１２茗荷谷支店内,0570-04-3195
小石川支店,東京都文京区小石川１-１５-１７,0570-04-3195
白山支店,東京都文京区向丘２-３６-５,0570-04-3195
春日 ＡＴＭ,東京都文京区小石川２-１-１３,
小石川支店 ＡＴＭ,東京都文京区小石川１-１５-１７,0570-04-3195
駒込病院 ＡＴＭ,東京都文京区本駒込３-１８-２２,
白山支店 ＡＴＭ,東京都文京区向丘２-３６-５,0570-04-3195
文京グリーンコート ＡＴＭ,東京都文京区本駒込２-２８-８　センターオフィス地下１階,
東京医科歯科大学 ＡＴＭ,東京都文京区湯島１-５-４５　１階,
茗荷谷支店,東京都文京区小日向４-６-１２,0570-04-3195
茗荷谷駅 ＡＴＭ,東京都文京区小日向４-６-１２　ＭＦビル２階,
大塚 ＡＴＭ,東京都文京区大塚４-４５-１２,
浅草支店,東京都台東区雷門２-１７-１２,0570-04-3195
上野支店,東京都台東区台東４-１１-４,0570-04-3195
浅草支店 ＡＴＭ,東京都台東区雷門２-１７-１２,0570-04-3195
上野駅前 ＡＴＭ,東京都台東区東上野３-１８-７,
上野支店 ＡＴＭ,東京都台東区台東４-１１-４,0570-04-3195
上野広小路 ＡＴＭ,東京都台東区上野１-２０-１１,
元浅草 ＡＴＭ,東京都台東区元浅草１-１-３　深山ビル内,
錦糸町支店,東京都墨田区江東橋４-１９-４,0570-04-3195
砂町支店,東京都墨田区江東橋４-１９-４,0570-04-3195
深川支店,東京都墨田区江東橋４-１９-４,0570-04-3195
菊川 ＡＴＭ,東京都墨田区菊川３-９-１菊川ガーデンハウス１０８号,
錦糸町駅前 ＡＴＭ,東京都墨田区江東橋３-１４-１０,
錦糸町支店 ＡＴＭ,東京都墨田区江東橋４-１９-４,0570-04-3195
本所 ＡＴＭ,東京都墨田区石原３-３１-７,
向島 ＡＴＭ,東京都墨田区東向島２-２８-５,
砂町支店 ＡＴＭ,東京都墨田区江東橋４-１９-４,0570-04-3195
深川支店 ＡＴＭ,東京都墨田区江東橋４-１９-４,0570-04-3195
東京メトロ押上駅 ＡＴＭ,東京都墨田区押上１-１-６５,
両国駅東口 ＡＴＭ,東京都墨田区横網１-３-２０,
亀戸支店,東京都江東区亀戸５-２-１５,0570-04-3195
亀戸支店 ＡＴＭ,東京都江東区亀戸５-２-１５,0570-04-3195
東陽町 ＡＴＭ,東京都江東区東陽４-１-７,
西大島 ＡＴＭ,東京都江東区大島１-３３-１６,
森下 ＡＴＭ,東京都江東区高橋１３-６アクタス森下１階,
ららぽーと豊洲 ＡＴＭ,東京都江東区豊洲２-４-９　１階,
都営地下鉄大島駅 ＡＴＭ,東京都江東区大島５-１０-８,
ダイバーシティ東京プラザ店 ＡＴＭ,東京都江東区青海１-１-１０　２Ｆ,
豊洲支店,東京都江東区豊洲２-２-３１ＳＭＢＣ豊洲ビルＢ１階,0570-04-3195
豊洲支店 ＡＴＭ,東京都江東区豊洲２-２-３１ＳＭＢＣ豊洲ビルＢ１階,0570-04-3195
東京イースト２１ ＡＴＭ,東京都江東区東陽６-３-１～３　１階,
亀戸駅東口前 ＡＴＭ,東京都江東区亀戸６-５６-８,
豊洲センタービル ＡＴＭ,東京都江東区豊洲３-３-３　Ｂ１階,
南砂町 ＡＴＭ,東京都江東区南砂６-７-１５　トピレックプラザ,
深川 ＡＴＭ,東京都江東区富岡１-６-４,
イトーヨーカドー木場店,東京都江東区木場１-５-３０,0570-04-3195
荏原支店,東京都品川区大井１-１-１アトレ大井町２　２階大井町支店内,0570-04-3195
五反田支店,東京都品川区東五反田１-１４-１０　三井住友五反田ビル内,0570-04-3195
旗ノ台支店,東京都品川区旗の台１-４-１５,0570-04-3195
目黒支店,東京都品川区上大崎４-１-５　目黒ヒルトップウォーク内,0570-04-3195
洗足支店,東京都品川区小山３-１５-１パークシティ武蔵小山ザモール２階武蔵小山支店内,0570-04-3195
大崎出張所,東京都品川区東五反田１-１４-１０　三井住友五反田ビル五反田支店内,0570-04-3195
青物横丁駅 ＡＴＭ,東京都品川区南品川３-１-２０,
荏原支店 ＡＴＭ,東京都品川区大井１-１-１アトレ大井町２　２階大井町支店内,0570-04-3195
荏原町 ＡＴＭ,東京都品川区中延５-１２-１,
大井町 ＡＴＭ,東京都品川区大井１-５０-５阪急大井町ガーデン１Ｆ,
ゲートシティ大崎 ＡＴＭ,東京都品川区大崎１-１１-１　ゲートシティ大崎ウエストタワー３階,
五反田支店 ＡＴＭ,東京都品川区東五反田１-１４-１０　三井住友五反田ビル内,0570-04-3195
昭和大学病院中央棟 ＡＴＭ,東京都品川区旗の台１-５-８　１階,
戸越公園 ＡＴＭ,東京都品川区戸越５-１０-２０,
旗ノ台支店 ＡＴＭ,東京都品川区旗の台１-４-１５,0570-04-3195
武蔵小山 ＡＴＭ,東京都品川区小山４-２-２　ＭＦＰＲコート武蔵小山１階,
目黒支店 ＡＴＭ,東京都品川区上大崎４-１-５　目黒ヒルトップウォーク内,0570-04-3195
目黒東口 ＡＴＭ,東京都品川区上大崎２-１５-１８,
洗足支店 ＡＴＭ,東京都品川区小山３-１５-１パークシティ武蔵小山ザモール２階武蔵小山支店内,0570-04-3195
大森東口 ＡＴＭ,東京都品川区南大井６-２８-３シンシアレジデンス大森１Ｆ,
大崎出張所 ＡＴＭ,東京都品川区東五反田１-１４-１０　三井住友五反田ビル五反田支店内,0570-04-3195
大崎ガーデンタワー ＡＴＭ,東京都品川区西品川１-１-１　１階,
中延 ＡＴＭ,東京都品川区豊町６-１-１１,
大井町支店 ＡＴＭ,東京都品川区大井１-１-１　アトレ大井町２　２階,0570-04-3195
大井町支店,東京都品川区大井１-１-１　アトレ大井町２　２階,0570-04-3195
大崎駅前 ＡＴＭ,東京都品川区大崎２-１-１　ＴｈｉｎｋＰａｒｋ　Ｐｌａｚａ　２階,
武蔵小山支店 ＡＴＭ,東京都品川区小山３-１５-１パークシティ武蔵小山ザモール２階,0570-04-3195
武蔵小山支店,東京都品川区小山３-１５-１パークシティ武蔵小山ザモール２階,0570-04-3195
学芸大学駅前支店,東京都目黒区鷹番３-６-４,0570-04-3195
自由が丘支店,東京都目黒区自由が丘２-１１-３,0570-04-3195
都立大学駅前支店,東京都目黒区中根１-３-１,0570-04-3195
学芸大学駅前支店 ＡＴＭ,東京都目黒区鷹番３-６-４,0570-04-3195
自由が丘支店 ＡＴＭ,東京都目黒区自由が丘２-１１-３,0570-04-3195
都立大学駅前支店 ＡＴＭ,東京都目黒区中根１-３-１,0570-04-3195
中目黒駅前 ＡＴＭ,東京都目黒区上目黒３-１-５,
洗足 ＡＴＭ,東京都目黒区洗足２-１９-３,
大森支店,東京都大田区山王２-３-４,0570-04-3195
御岳山出張所,東京都大田区雪谷大塚町９-１５　雪ヶ谷支店内,0570-04-3195
蒲田支店,東京都大田区蒲田５-４１-８,0570-04-3195
蒲田西支店,東京都大田区蒲田５-４１-８蒲田支店内,0570-04-3195
下丸子支店,東京都大田区下丸子３-２-１５,0570-04-3195
田園調布支店,東京都大田区田園調布２-５１-１１,0570-04-3195
雪ヶ谷支店,東京都大田区雪谷大塚町９-１５,0570-04-3195
六郷支店,東京都大田区東六郷２-１４-２,0570-04-3195
大森支店 ＡＴＭ,東京都大田区山王２-３-４,0570-04-3195
御岳山出張所 ＡＴＭ,東京都大田区雪谷大塚町９-１５　雪ヶ谷支店内,0570-04-3195
蒲田支店 ＡＴＭ,東京都大田区蒲田５-４１-８,0570-04-3195
蒲田西支店 ＡＴＭ,東京都大田区蒲田５-４１-８蒲田支店内,0570-04-3195
下丸子支店 ＡＴＭ,東京都大田区下丸子３-２-１５,0570-04-3195
千鳥町 ＡＴＭ,東京都大田区千鳥１-２１-３,
田園調布支店 ＡＴＭ,東京都大田区田園調布２-５１-１１,0570-04-3195
西馬込 ＡＴＭ,東京都大田区南馬込５-４２-６,
羽田 ＡＴＭ,東京都大田区北糀谷１-１８-１８,
羽田空港第１ターミナル ＡＴＭ,東京都大田区羽田空港３-３-２　地下１階,
矢口 ＡＴＭ,東京都大田区矢口１-１５-３,
雪ヶ谷支店 ＡＴＭ,東京都大田区雪谷大塚町９-１５,0570-04-3195
六郷支店 ＡＴＭ,東京都大田区東六郷２-１４-２,0570-04-3195
梅屋敷東通り ＡＴＭ,東京都大田区大森中２-３-１２,
羽田空港第２ターミナル南 ＡＴＭ,東京都大田区羽田空港３-４-２　地下１階,
羽田空港第３旅客ターミナル ＡＴＭ,東京都大田区羽田空港２-６-５　３階,
あすとウィズ ＡＴＭ,東京都大田区蒲田４-１０-１４　２階,
蒲田駅西口 ＡＴＭ,東京都大田区西蒲田５-２７-１２イカリヤビル１階,
グランデュオ蒲田 ＡＴＭ,東京都大田区西蒲田７-６８-１　３階,
グランデュオ蒲田東館 ＡＴＭ,東京都大田区蒲田５-１３-１　３階,
北嶺町西 ＡＴＭ,東京都大田区北嶺町３４-６,
経堂支店,東京都世田谷区経堂１-２１-１３,0570-04-3195
桜新町支店,東京都世田谷区桜新町１-１４-１４,0570-04-3195
下北沢支店,東京都世田谷区北沢２-１２-１１,0570-04-3195
下高井戸支店,東京都世田谷区赤堤４-４７-１０,0570-04-3195
成城支店,東京都世田谷区成城２-３４-１４,0570-04-3195
世田谷支店,東京都世田谷区太子堂４-１-１　キャロットタワー１・２階,0570-04-3195
二子玉川支店,東京都世田谷区玉川２-２４-９,0570-04-3195
喜多見 ＡＴＭ,東京都世田谷区喜多見９-１-８,
希望ヶ丘 ＡＴＭ,東京都世田谷区船橋６-２６-１２,
経堂支店 ＡＴＭ,東京都世田谷区経堂１-２１-１３,0570-04-3195
桜上水 ＡＴＭ,東京都世田谷区桜上水５-３０,
桜新町支店 ＡＴＭ,東京都世田谷区桜新町１-１４-１４,0570-04-3195
下北沢支店 ＡＴＭ,東京都世田谷区北沢２-１２-１１,0570-04-3195
下高井戸支店 ＡＴＭ,東京都世田谷区赤堤４-４７-１０,0570-04-3195
成城支店 ＡＴＭ,東京都世田谷区成城２-３４-１４,0570-04-3195
世田谷支店 ＡＴＭ,東京都世田谷区太子堂４-１-１　キャロットタワー１・２階,0570-04-3195
世田谷通 ＡＴＭ,東京都世田谷区上用賀４-３５-１５,
世田谷西 ＡＴＭ,東京都世田谷区若林３-１６-３,
祖師谷 ＡＴＭ,東京都世田谷区祖師谷３-１-２３,
深沢 ＡＴＭ,東京都世田谷区深沢４-３６-１３,
二子玉川支店 ＡＴＭ,東京都世田谷区玉川２-２４-９,0570-04-3195
用賀 ＡＴＭ,東京都世田谷区用賀４-５-２２　第三小林ビル１階,
千歳烏山 ＡＴＭ,東京都世田谷区南烏山４-１１-１,
麻布支店,東京都渋谷区広尾５-４-３　広尾支店内,0570-04-3195
恵比寿支店,東京都渋谷区恵比寿南１-１-１,0570-04-3195
笹塚支店,東京都渋谷区笹塚２-１-６　ＪＭＦビル笹塚０１,0570-04-3195
渋谷駅前支店,東京都渋谷区道玄坂１-２-３　渋谷フクラス１階・地下１階,0570-04-3195
渋谷支店,東京都渋谷区道玄坂１-２-３　渋谷フクラス１階・地下１階渋谷駅前支店内,0570-04-3195
幡ケ谷支店,東京都渋谷区幡ケ谷１-３-９,0570-04-3195
広尾支店,東京都渋谷区広尾５-４-３,0570-04-3195
麻布支店 ＡＴＭ,東京都渋谷区広尾５-４-３　広尾支店内,0570-04-3195
恵比寿支店 ＡＴＭ,東京都渋谷区恵比寿南１-１-１,0570-04-3195
笹塚支店 ＡＴＭ,東京都渋谷区笹塚２-１-６　ＪＭＦビル笹塚０１,0570-04-3195
渋谷駅前支店 ＡＴＭ,東京都渋谷区道玄坂１-２-３　渋谷フクラス１階・地下１階,0570-04-3195
渋谷支店 ＡＴＭ,東京都渋谷区道玄坂１-２-３　渋谷フクラス１階・地下１階渋谷駅前支店内,0570-04-3195
渋谷西 ＡＴＭ,東京都渋谷区宇田川町２８-４,
神宮前 ＡＴＭ,東京都渋谷区神宮前５-５２-２青山オーバルビル地下１階,
代官山町 ＡＴＭ,東京都渋谷区代官山町１２-１９,
幡ケ谷支店 ＡＴＭ,東京都渋谷区幡ケ谷１-３-９,0570-04-3195
広尾ガーデンヒルズ ＡＴＭ,東京都渋谷区広尾４-１-１１,
代々木八幡 ＡＴＭ,東京都渋谷区富ケ谷１-５１-２,
恵比寿東 ＡＴＭ,東京都渋谷区広尾１-１５-２,
東京メトロ渋谷駅 ＡＴＭ,東京都渋谷区渋谷２-２１-１３,
笹塚駅前 ＡＴＭ,東京都渋谷区笹塚１-５６-１８　京王クラウン街内,
広尾散歩通り ＡＴＭ,東京都渋谷区広尾５-１６-４ロイヤルパレス広尾１０２号室,
広尾支店 ＡＴＭ,東京都渋谷区広尾５-４-３,0570-04-3195
京王渋谷駅 ＡＴＭ,東京都渋谷区道玄坂１-１２-１　２階,
ＪＲ新宿駅新南改札内 ＡＴＭ,東京都渋谷区千駄ヶ谷５-２４-５５　２階,
住友不動産渋谷ガーデンタワー ＡＴＭ,東京都渋谷区南平台町１６-１７　１階,
新宿南口共同 ＡＴＭ,東京都渋谷区代々木２-９-２　ＳＭＢＣ信託銀行新宿南口支店内,
中野坂上支店,東京都中野区本町２-４６-１中野坂上サンブライトツイン１１階,0570-04-3195
中野支店,東京都中野区中野５-６４-３,0570-04-3195
新中野 ＡＴＭ,東京都中野区本町４-４６-８,
中野支店 ＡＴＭ,東京都中野区中野５-６４-３,0570-04-3195
中野南口 ＡＴＭ,東京都中野区中野２-３０-８,
アトレヴィ東中野 ＡＴＭ,東京都中野区東中野４-４-２６　２階,
東京メトロ中野坂上駅 ＡＴＭ,東京都中野区本町２-４８-２,
中野坂上Ｂ１階 ＡＴＭ,東京都中野区本町２-４６-１,
阿佐ヶ谷支店,東京都杉並区阿佐谷南１-４８-２　パールセンター内,0570-04-3195
永福町支店,東京都杉並区永福４-１-１,0570-04-3195
荻窪支店,東京都杉並区上荻１-１６-１４,0570-04-3195
高円寺支店,東京都杉並区高円寺南４-２７-１２,0570-04-3195
下井草支店,東京都杉並区下井草３-３８-１６,0570-04-3195
西荻窪支店,東京都杉並区西荻北２-３-５,0570-04-3195
阿佐ヶ谷支店 ＡＴＭ,東京都杉並区阿佐谷南１-４８-２　パールセンター内,0570-04-3195
永福町支店 ＡＴＭ,東京都杉並区永福４-１-１,0570-04-3195
荻窪支店 ＡＴＭ,東京都杉並区上荻１-１６-１４,0570-04-3195
高円寺駅前 ＡＴＭ,東京都杉並区高円寺南４-２７-１０,
下井草支店 ＡＴＭ,東京都杉並区下井草３-３８-１６,0570-04-3195
西荻窪支店 ＡＴＭ,東京都杉並区西荻北２-３-５,0570-04-3195
東高円寺 ＡＴＭ,東京都杉並区高円寺南１-７-４,
富士見ヶ丘 ＡＴＭ,東京都杉並区高井戸西１-２１-１６,
南阿佐ヶ谷 ＡＴＭ,東京都杉並区成田東５-３５-１５,
西友浜田山店 ＡＴＭ,東京都杉並区浜田山３-２９-６　１階,
浜田山支店,東京都杉並区浜田山３-２６-２１ラ・ヴェール浜田山１階,0570-04-3195
浜田山支店 ＡＴＭ,東京都杉並区浜田山３-２６-２１ラ・ヴェール浜田山１階,0570-04-3195
池袋支店,東京都豊島区西池袋１-２１-７,0570-04-3195
池袋東口支店,東京都豊島区南池袋２-２７-９,0570-04-3195
巣鴨支店,東京都豊島区巣鴨２-１１-１ホウライ巣鴨ビル２階,0570-04-3195
千川支店,東京都豊島区西池袋１-２１-７池袋支店内,0570-04-3195
目白支店,東京都豊島区目白３-１４-１,0570-04-3195
池袋駅前 ＡＴＭ,東京都豊島区西池袋１-１６-１０,
池袋支店 ＡＴＭ,東京都豊島区西池袋１-２１-７,0570-04-3195
池袋東口支店 ＡＴＭ,東京都豊島区南池袋２-２７-９,0570-04-3195
大塚駅前 ＡＴＭ,東京都豊島区北大塚１-２０-７,
巣鴨駅前 ＡＴＭ,東京都豊島区巣鴨３-２８-１,
巣鴨支店 ＡＴＭ,東京都豊島区巣鴨２-１１-１ホウライ巣鴨ビル２階,0570-04-3195
千川支店 ＡＴＭ,東京都豊島区西池袋１-２１-７池袋支店内,0570-04-3195
目白支店 ＡＴＭ,東京都豊島区目白３-１４-１,0570-04-3195
目白通 ＡＴＭ,東京都豊島区南長崎１-２-２,
東京メトロ東池袋駅 ＡＴＭ,東京都豊島区東池袋４-４-４,
東京メトロ千川駅 ＡＴＭ,東京都豊島区要町３-１０-７,
東京メトロ池袋駅 ＡＴＭ,東京都豊島区西池袋３-２８-１４,
池袋メトロポリタン地下１階 ＡＴＭ,東京都豊島区西池袋１-１１-１,
池袋メトロポリタン１階 ＡＴＭ,東京都豊島区西池袋１-１１-１,
赤羽支店,東京都北区赤羽２-１-１５,0570-04-3195
王子支店,東京都北区王子１-１６-２,0570-04-3195
赤羽北 ＡＴＭ,東京都北区赤羽北２-１５-１,
赤羽支店 ＡＴＭ,東京都北区赤羽２-１-１５,0570-04-3195
王子神谷 ＡＴＭ,東京都北区王子５-２-１１,
王子支店 ＡＴＭ,東京都北区王子１-１６-２,0570-04-3195
十条駅前 ＡＴＭ,東京都北区十条仲原１-８-１,
日暮里支店,東京都荒川区西日暮里２-１５-６,0570-04-3195
町屋支店,東京都荒川区町屋１-１-６,0570-04-3195
西日暮里 ＡＴＭ,東京都荒川区西日暮里５-３４-３,
日暮里支店 ＡＴＭ,東京都荒川区西日暮里２-１５-６,0570-04-3195
町屋支店 ＡＴＭ,東京都荒川区町屋１-１-６,0570-04-3195
板橋支店,東京都板橋区常盤台１-４４-６ときわ台支店内,0570-04-3195
板橋中台出張所,東京都板橋区常盤台１-４４-６,0570-04-3195
志村支店,東京都板橋区常盤台１-４４-６,0570-04-3195
高島平支店,東京都板橋区高島平１-８３-１西台ＮＣビル２階,0570-04-3195
ときわ台支店,東京都板橋区常盤台１-４４-６,0570-04-3195
成増支店,東京都板橋区成増２-１６-１,0570-04-3195
板橋支店 ＡＴＭ,東京都板橋区常盤台１-４４-６ときわ台支店内,0570-04-3195
板橋中台出張所 ＡＴＭ,東京都板橋区常盤台１-４４-６,0570-04-3195
大山 ＡＴＭ,東京都板橋区大山東町５５-７,
上板橋 ＡＴＭ,東京都板橋区常盤台４-２５-１２,
志村支店 ＡＴＭ,東京都板橋区常盤台１-４４-６,0570-04-3195
高島平駅前 ＡＴＭ,東京都板橋区高島平７-１-４０,
高島平支店 ＡＴＭ,東京都板橋区高島平１-８３-１西台ＮＣビル２階,0570-04-3195
ときわ台支店 ＡＴＭ,東京都板橋区常盤台１-４４-６,0570-04-3195
成増支店 ＡＴＭ,東京都板橋区成増２-１６-１,0570-04-3195
西台駅南 ＡＴＭ,東京都板橋区高島平１-７８-３シモンズ西台１階,
志村 ＡＴＭ,東京都板橋区蓮沼町８-３　フィル・パーク本蓮沼１階,
板橋区中台 ＡＴＭ,東京都板橋区中台３-２７-７　サンシティ内,
イオンスタイル板橋前野町店,東京都板橋区前野町４-２１-２２　１階,0570-04-3195
イオンスタイル板橋前野町店 ＡＴＭ,東京都板橋区前野町４-２１-２２　１階,0570-04-3195
大泉支店,東京都練馬区東大泉１-２９-１,0570-04-3195
中村橋支店,東京都練馬区中村北３-２３-１,0570-04-3195
練馬支店,東京都練馬区練馬１-４-６,0570-04-3195
光が丘支店,東京都練馬区光が丘５-１-１,0570-04-3195
氷川台支店,東京都練馬区練馬１-４-６練馬支店内,0570-04-3195
武蔵関支店,東京都練馬区関町北２-２７-１５,0570-04-3195
江古田 ＡＴＭ,東京都練馬区旭丘１-７７-９,
大泉学園 ＡＴＭ,東京都練馬区東大泉２-１０-１１,
大泉支店 ＡＴＭ,東京都練馬区東大泉１-２９-１,0570-04-3195
石神井公園駅前 ＡＴＭ,東京都練馬区石神井町３-２１-６,
中村橋支店 ＡＴＭ,東京都練馬区中村北３-２３-１,0570-04-3195
練馬支店 ＡＴＭ,東京都練馬区練馬１-４-６,0570-04-3195
光が丘駅南口 ＡＴＭ,東京都練馬区光が丘３-９-２　ＩＭＡ南館内,
光が丘支店 ＡＴＭ,東京都練馬区光が丘５-１-１,0570-04-3195
氷川台支店 ＡＴＭ,東京都練馬区練馬１-４-６練馬支店内,0570-04-3195
武蔵関支店 ＡＴＭ,東京都練馬区関町北２-２７-１５,0570-04-3195
サミットストア大泉学園店 ＡＴＭ,東京都練馬区大泉学園町６-２９-３０　１階,
サミットストア環八南田中店 ＡＴＭ,東京都練馬区南田中２-２０-１７　１階,
氷川台 ＡＴＭ,東京都練馬区早宮１-１-３,
越谷支店,東京都足立区千住２-５５,0570-04-3195
綾瀬支店,東京都足立区綾瀬３-３-１０,0570-04-3195
五反野支店,東京都足立区千住２-５５千住支店内,0570-04-3195
千住支店,東京都足立区千住２-５５,0570-04-3195
西新井支店,東京都足立区西新井本町１-１５-１４,0570-04-3195
亀有支店,東京都足立区綾瀬３-３-１０　綾瀬支店内,0570-04-3195
越谷支店 ＡＴＭ,東京都足立区千住２-５５,0570-04-3195
綾瀬支店 ＡＴＭ,東京都足立区綾瀬３-３-１０,0570-04-3195
梅島 ＡＴＭ,東京都足立区梅島１-９-４,
大谷田 ＡＴＭ,東京都足立区大谷田１-１-３,
五反野支店 ＡＴＭ,東京都足立区千住２-５５千住支店内,0570-04-3195
千住支店 ＡＴＭ,東京都足立区千住２-５５,0570-04-3195
竹の塚 ＡＴＭ,東京都足立区竹の塚６-１５-６,
西新井支店 ＡＴＭ,東京都足立区西新井本町１-１５-１４,0570-04-3195
亀有支店 ＡＴＭ,東京都足立区綾瀬３-３-１０　綾瀬支店内,0570-04-3195
西新井駅前 ＡＴＭ,東京都足立区西新井栄町１-１７-１パサージオ１階,
五反野駅前 ＡＴＭ,東京都足立区足立４-４１-２７,
葛飾支店,東京都葛飾区四つ木２-２１-１イトーヨーカドー四つ木店３階,0570-04-3195
新小岩支店,東京都葛飾区新小岩１-４８-１８,0570-04-3195
お花茶屋 ＡＴＭ,東京都葛飾区お花茶屋１-２４-２,
葛飾支店 ＡＴＭ,東京都葛飾区四つ木２-２１-１イトーヨーカドー四つ木店３階,0570-04-3195
金町 ＡＴＭ,東京都葛飾区東金町１-４５-９,
新小岩北口 ＡＴＭ,東京都葛飾区西新小岩１-１０-１,
新小岩支店 ＡＴＭ,東京都葛飾区新小岩１-４８-１８,0570-04-3195
四つ木 ＡＴＭ,東京都葛飾区四つ木２-２１-１,
亀有駅前 ＡＴＭ,東京都葛飾区亀有３-２６-１,
葛西支店,東京都江戸川区西葛西６-１３-７　西葛西支店内,0570-04-3195
小岩支店,東京都江戸川区南小岩７-２３-１０,0570-04-3195
西葛西支店,東京都江戸川区西葛西６-１３-７,0570-04-3195
アリオ葛西１階ＡＴＭ ＡＴＭ,東京都江戸川区東葛西９-３-３,
葛西支店 ＡＴＭ,東京都江戸川区西葛西６-１３-７　西葛西支店内,0570-04-3195
小岩支店 ＡＴＭ,東京都江戸川区南小岩７-２３-１０,0570-04-3195
西葛西支店 ＡＴＭ,東京都江戸川区西葛西６-１３-７,0570-04-3195
京成小岩 ＡＴＭ,東京都江戸川区北小岩２-９-１１,
東京メトロ西葛西駅 ＡＴＭ,東京都江戸川区西葛西６-１４-１,
サミットストア本一色店 ＡＴＭ,東京都江戸川区本一色２-２５-１２　１階,
しのざき文化プラザ ＡＴＭ,東京都江戸川区篠崎町７-２０-１９　１階,
葛西駅前 ＡＴＭ,東京都江戸川区東葛西６-４-１９,
アリオ葛西店,東京都江戸川区東葛西９-３-３　２階,0570-04-3195
アリオ葛西店 ＡＴＭ,東京都江戸川区東葛西９-３-３　２階,0570-04-3195
北野支店,東京都八王子市打越町３３５-１京王リトナード北野内,0570-04-3195
高尾支店,東京都八王子市旭町８-１,0570-04-3195
八王子支店,東京都八王子市旭町８-１,0570-04-3195
北野支店 ＡＴＭ,東京都八王子市打越町３３５-１京王リトナード北野内,0570-04-3195
高尾支店 ＡＴＭ,東京都八王子市旭町８-１,0570-04-3195
八王子支店 ＡＴＭ,東京都八王子市旭町８-１,0570-04-3195
八王子みなみ野 ＡＴＭ,東京都八王子市みなみ野１-２-１アクロスモール八王子みなみ野１Ｆ,
高尾駅前 ＡＴＭ,東京都八王子市初沢町１２３１-３６京王高尾マンション１階,
京王堀之内駅前 ＡＴＭ,東京都八王子市堀之内３-３５-１１,
立川支店,東京都立川市曙町２-６-１１,0570-04-3195
日野支店,東京都立川市曙町２-６-１１立川支店内,0570-04-3195
国分寺支店,東京都立川市曙町２-６-１１,0570-04-3195
立川支店 ＡＴＭ,東京都立川市曙町２-６-１１,0570-04-3195
日野支店 ＡＴＭ,東京都立川市曙町２-６-１１立川支店内,0570-04-3195
国分寺支店 ＡＴＭ,東京都立川市曙町２-６-１１,0570-04-3195
吉祥寺支店,東京都武蔵野市吉祥寺本町１-７-５,0570-04-3195
三鷹支店,東京都武蔵野市中町１-１-６,0570-04-3195
武蔵境支店,東京都武蔵野市境南町２-９-３,0570-04-3195
吉祥寺支店 ＡＴＭ,東京都武蔵野市吉祥寺本町１-７-５,0570-04-3195
桜堤 ＡＴＭ,東京都武蔵野市境５-６-２５,
三鷹支店 ＡＴＭ,東京都武蔵野市中町１-１-６,0570-04-3195
武蔵境支店 ＡＴＭ,東京都武蔵野市境南町２-９-３,0570-04-3195
キラリナ京王吉祥寺 ＡＴＭ,東京都武蔵野市吉祥寺南町２-１-２５　Ｂ１階,
アトレ吉祥寺 ＡＴＭ,東京都武蔵野市吉祥寺南町１-１-２４　１階,
三鷹台 ＡＴＭ,東京都三鷹市井の頭１-３０-１９,
府中支店,東京都府中市宮町１-４１,0570-04-3195
府中支店 ＡＴＭ,東京都府中市宮町１-４１,0570-04-3195
昭島支店,東京都昭島市田中町５６２-８,0570-04-3195
昭島支店 ＡＴＭ,東京都昭島市田中町５６２-８,0570-04-3195
国領支店,東京都調布市国領町４-９-２,0570-04-3195
調布駅前支店,東京都調布市布田１-３７-１２,0570-04-3195
つつじヶ丘支店,東京都調布市仙川町１-１６-７ライオンズマンション仙川１階仙川支店内,0570-04-3195
国領支店 ＡＴＭ,東京都調布市国領町４-９-２,0570-04-3195
仙川 ＡＴＭ,東京都調布市仙川町１-１９-６,
調布 ＡＴＭ,東京都調布市小島町２-５６-３　センタービル内,
調布駅前支店 ＡＴＭ,東京都調布市布田１-３７-１２,0570-04-3195
つつじヶ丘支店 ＡＴＭ,東京都調布市仙川町１-１６-７ライオンズマンション仙川１階仙川支店内,0570-04-3195
仙川支店,東京都調布市仙川町１-１６-７ライオンズマンション仙川１階,0570-04-3195
仙川支店 ＡＴＭ,東京都調布市仙川町１-１６-７ライオンズマンション仙川１階,0570-04-3195
つつじヶ丘 ＡＴＭ,東京都調布市西つつじヶ丘３-３３-１０,
町田支店,東京都町田市原町田６-３-８,0570-04-3195
町田山崎出張所,東京都町田市原町田６-３-８　町田支店内,0570-04-3195
玉川学園前 ＡＴＭ,東京都町田市玉川学園７-４-４,
成瀬駅前 ＡＴＭ,東京都町田市南成瀬１-１-５,
町田駅前 ＡＴＭ,東京都町田市原町田６-１２-１,
鶴川 ＡＴＭ,東京都町田市能ケ谷１-５-２,
町田木曽 ＡＴＭ,東京都町田市本町田２５０７-４　１階,
小金井支店,東京都小金井市本町５-１２-４,0570-04-3195
小金井支店 ＡＴＭ,東京都小金井市本町５-１２-４,0570-04-3195
東小金井南口 ＡＴＭ,東京都小金井市東町４-４２-２２,
花小金井支店,東京都小平市花小金井１-１０-７,0570-04-3195
花小金井支店 ＡＴＭ,東京都小平市花小金井１-１０-７,0570-04-3195
高幡不動支店,東京都日野市高幡１０００-２,0570-04-3195
高幡不動支店 ＡＴＭ,東京都日野市高幡１０００-２,0570-04-3195
イオンモール多摩平の森１階ＡＴＭ ＡＴＭ,東京都日野市多摩平２-４-１,
イオンモール多摩平の森店 ＡＴＭ,東京都日野市多摩平２-４-１　２階,0570-04-3195
イオンモール多摩平の森店,東京都日野市多摩平２-４-１　２階,0570-04-3195
国分寺西 ＡＴＭ,東京都国分寺市高木町３-６-１,
国分寺駅北口 ＡＴＭ,東京都国分寺市本町２-９-８,
恋ヶ窪駅前 ＡＴＭ,東京都国分寺市東戸倉２-１１-１,
セレオ国分寺店,東京都国分寺市南町３-２０-３　７階,0570-04-3195
セレオ国分寺店 ＡＴＭ,東京都国分寺市南町３-２０-３　７階,0570-04-3195
国分寺駅南 ＡＴＭ,東京都国分寺市南町３-１１-１２,
国立支店,東京都国立市中１-８-４５,0570-04-3195
国立支店 ＡＴＭ,東京都国立市中１-８-４５,0570-04-3195
南国立 ＡＴＭ,東京都国立市富士見台１-７,
福生支店,東京都福生市大字福生１００６-７,0570-04-3195
福生支店 ＡＴＭ,東京都福生市大字福生１００６-７,0570-04-3195
喜多見支店,東京都狛江市岩戸北４-１５-１３,0570-04-3195
喜多見支店 ＡＴＭ,東京都狛江市岩戸北４-１５-１３,0570-04-3195
狛江 ＡＴＭ,東京都狛江市東和泉１-１７-１,
東大和支店,東京都東大和市南街５-９７-１,0570-04-3195
東大和支店 ＡＴＭ,東京都東大和市南街５-９７-１,0570-04-3195
武蔵大和 ＡＴＭ,東京都東大和市清水３-７９９-７,
清瀬支店,東京都清瀬市松山１-１２-１６,0570-04-3195
清瀬旭が丘 ＡＴＭ,東京都清瀬市旭が丘２-５-１-１０１　清瀬旭が丘団地センター,
清瀬駅南 ＡＴＭ,東京都清瀬市松山１-１１-１２,
清瀬支店 ＡＴＭ,東京都清瀬市松山１-１２-１６,0570-04-3195
多摩支店,東京都多摩市関戸１-１-６,0570-04-3195
永山支店,東京都多摩市永山１-４　グリナード永山内,0570-04-3195
多摩支店 ＡＴＭ,東京都多摩市関戸１-１-６,0570-04-3195
永山支店 ＡＴＭ,東京都多摩市永山１-４　グリナード永山内,0570-04-3195
若葉台支店 ＡＴＭ,東京都多摩市永山１-４グリナード永山内永山支店内,0570-04-3195
若葉台支店,東京都多摩市永山１-４グリナード永山内永山支店内,0570-04-3195
ココリア多摩センター店 ＡＴＭ,東京都多摩市落合１-４６-１　２階,0570-04-3195
平尾 ＡＴＭ,東京都稲城市平尾３-１-１,
矢野口駅前 ＡＴＭ,東京都稲城市矢野口１２-７,
フレスポ若葉台ＥＡＳＴ ＡＴＭ,東京都稲城市若葉台２-１-１　１階,
羽村 ＡＴＭ,東京都羽村市五ノ神４-１-２２,
田無支店,東京都西東京市田無町４-２７-１３,0570-04-3195
ひばりヶ丘支店,東京都西東京市谷戸町2丁目3-7 フレスポひばりが丘2階,042-421-3111
田無支店 ＡＴＭ,東京都西東京市田無町４-２７-１３,0570-04-3195
西東京市役所 ＡＴＭ,東京都西東京市南町５-６-１３　２階,
ひばりヶ丘支店 ＡＴＭ,東京都西東京市谷戸町２-３-７フレスポひばりが丘２階,0570-04-3195
フレスポひばりが丘 ＡＴＭ,東京都西東京市谷戸町２-３-７　１階,
ひばりが丘パルコ ＡＴＭ,東京都西東京市ひばりが丘１-１-１　１階,
ひばりが丘パルコ２階 ＡＴＭ,東京都西東京市ひばりが丘１-１-１,
鶴見支店,神奈川県横浜市鶴見区豊岡町８-２６,0570-04-3195
鶴見支店 ＡＴＭ,神奈川県横浜市鶴見区豊岡町８-２６,0570-04-3195
矢向 ＡＴＭ,神奈川県横浜市鶴見区矢向５-６-２,
大口 ＡＴＭ,神奈川県横浜市神奈川区大口通１３８-１,
そうてつローゼンオルト新子安店 ＡＴＭ,神奈川県横浜市神奈川区新子安１-２-５,
イオンスタイル東神奈川店,神奈川県横浜市神奈川区富家町１　３階,0570-04-3195
東神奈川支店,神奈川県横浜市西区北幸１-３-２３,0570-04-3195
横浜駅前支店,神奈川県横浜市西区北幸１-３-２３　横浜ベイシェラトンホテル＆タワーズ地下１階,0570-04-3195
中山支店,神奈川県横浜市西区北幸１-３-２３横浜ベイシェラトンホテル＆タワーズ地下１階,0570-04-3195
東神奈川支店 ＡＴＭ,神奈川県横浜市西区北幸１-３-２３,0570-04-3195
相鉄ジョイナス ＡＴＭ,神奈川県横浜市西区南幸１-５-１　１階,
横浜駅前支店 ＡＴＭ,神奈川県横浜市西区北幸１-３-２３　横浜ベイシェラトンホテル＆タワーズ地下１階,0570-04-3195
横浜西口 ＡＴＭ,神奈川県横浜市西区南幸１-１２-７,
中山支店 ＡＴＭ,神奈川県横浜市西区北幸１-３-２３横浜ベイシェラトンホテル＆タワーズ地下１階,0570-04-3195
みなとみらい駅前 ＡＴＭ,神奈川県横浜市西区みなとみらい３-５-１　マークイズみなとみらい内地下２階,
横浜８階共同 ＡＴＭ,神奈川県横浜市西区北幸１-６-１　ＳＭＢＣ信託銀行横浜支店８階,
横浜２階共同 ＡＴＭ,神奈川県横浜市西区北幸１-６-１　ＳＭＢＣ信託銀行横浜支店２階,
横浜支店,神奈川県横浜市中区本町２-２０,0570-04-3195
横浜中央支店,神奈川県横浜市中区本町２-２０横浜支店内,0570-04-3195
関内 ＡＴＭ,神奈川県横浜市中区尾上町３-３５,
横浜支店 ＡＴＭ,神奈川県横浜市中区本町２-２０,0570-04-3195
横浜中央支店 ＡＴＭ,神奈川県横浜市中区本町２-２０横浜支店内,0570-04-3195
元町・中華街駅 ＡＴＭ,神奈川県横浜市中区山下町６５番地先　地下１階,
横浜中央 ＡＴＭ,神奈川県横浜市中区羽衣町１-３-１０,
井土ケ谷 ＡＴＭ,神奈川県横浜市南区井土ケ谷中町１５４,
保土ケ谷 ＡＴＭ,神奈川県横浜市保土ケ谷区天王町１-３１-１５,
金沢八景支店,神奈川県横浜市金沢区谷津町３８４金沢文庫支店内,0570-04-3195
金沢文庫支店,神奈川県横浜市金沢区谷津町３８４,0570-04-3195
金沢八景支店 ＡＴＭ,神奈川県横浜市金沢区谷津町３８４金沢文庫支店内,0570-04-3195
金沢文庫支店 ＡＴＭ,神奈川県横浜市金沢区谷津町３８４,0570-04-3195
六浦 ＡＴＭ,神奈川県横浜市金沢区大道２-３０-１０,
金沢八景 ＡＴＭ,神奈川県横浜市金沢区瀬戸３-５２,
新横浜支店,神奈川県横浜市港北区新横浜３-７-３リーフスクエア新横浜ビル内,0570-04-3195
綱島支店,神奈川県横浜市港北区綱島西１-７-１６,0570-04-3195
日吉支店,神奈川県横浜市港北区日吉２-２-１７,0570-04-3195
大倉山 ＡＴＭ,神奈川県横浜市港北区大倉山１-１８-３,
新横浜支店 ＡＴＭ,神奈川県横浜市港北区新横浜３-７-３リーフスクエア新横浜ビル内,0570-04-3195
綱島支店 ＡＴＭ,神奈川県横浜市港北区綱島西１-７-１６,0570-04-3195
妙蓮寺 ＡＴＭ,神奈川県横浜市港北区菊名１-４-２,
日吉支店 ＡＴＭ,神奈川県横浜市港北区日吉２-２-１７,0570-04-3195
トレッサ横浜 ＡＴＭ,神奈川県横浜市港北区師岡町７００　２階,
横浜市営地下鉄日吉駅 ＡＴＭ,神奈川県横浜市港北区日吉４-１-１１,
日吉東急アベニュー ＡＴＭ,神奈川県横浜市港北区日吉２-１-１　１階,
戸塚支店,神奈川県横浜市戸塚区戸塚町１６-１　トツカーナ３階,0570-04-3195
戸塚支店 ＡＴＭ,神奈川県横浜市戸塚区戸塚町１６-１　トツカーナ３階,0570-04-3195
戸塚東口 ＡＴＭ,神奈川県横浜市戸塚区戸塚町１０-１　戸塚モディ１階,
西武東戸塚Ｓ．Ｃ．,神奈川県横浜市戸塚区品濃町５３７-１　２階,0570-04-3195
上大岡支店,神奈川県横浜市港南区上大岡西１-１５-１　ＣＡＭＩＯ１階,0570-04-3195
港南台支店,神奈川県横浜市港南区港南台３-３-１　港南台２１４ビル内,0570-04-3195
東戸塚支店,神奈川県横浜市港南区上大岡西１-１５-１　ＣＡＭＩＯ１階,0570-04-3195
上大岡支店 ＡＴＭ,神奈川県横浜市港南区上大岡西１-１５-１　ＣＡＭＩＯ１階,0570-04-3195
港南台支店 ＡＴＭ,神奈川県横浜市港南区港南台３-３-１　港南台２１４ビル内,0570-04-3195
東戸塚支店 ＡＴＭ,神奈川県横浜市港南区上大岡西１-１５-１　ＣＡＭＩＯ１階,0570-04-3195
二俣川支店,神奈川県横浜市旭区二俣川２-５０-１４ジョイナステラス二俣川２階,0570-04-3195
二俣川支店 ＡＴＭ,神奈川県横浜市旭区二俣川２-５０-１４ジョイナステラス二俣川２階,0570-04-3195
中山駅 ＡＴＭ,神奈川県横浜市緑区台村町２３２-４,
三ッ境支店,神奈川県横浜市瀬谷区三ツ境２-１,0570-04-3195
三ッ境支店 ＡＴＭ,神奈川県横浜市瀬谷区三ツ境２-１,0570-04-3195
いずみ野支店,神奈川県横浜市泉区和泉町６２１４-１,0570-04-3195
緑園都市支店,神奈川県横浜市泉区緑園３-２-８,0570-04-3195
いずみ野支店 ＡＴＭ,神奈川県横浜市泉区和泉町６２１４-１,0570-04-3195
弥生台 ＡＴＭ,神奈川県横浜市泉区弥生台５-２,
緑園都市支店 ＡＴＭ,神奈川県横浜市泉区緑園３-２-８,0570-04-3195
青葉台支店,神奈川県横浜市青葉区青葉台2丁目8-20 パルテ青葉台3階,045-981-3131
あざみ野支店,神奈川県横浜市青葉区あざみ野１-１１-２,0570-04-3195
たまプラーザ支店,神奈川県横浜市青葉区新石川２-１-１５,0570-04-3195
青葉台支店 ＡＴＭ,神奈川県横浜市青葉区青葉台２-５-１４,0570-04-3195
あざみ野支店 ＡＴＭ,神奈川県横浜市青葉区あざみ野１-１１-２,0570-04-3195
すすき野とうきゅう ＡＴＭ,神奈川県横浜市青葉区すすき野２-５-４　１階,
たまプラーザ支店 ＡＴＭ,神奈川県横浜市青葉区新石川２-１-１５,0570-04-3195
東急藤が丘駅前 ＡＴＭ,神奈川県横浜市青葉区藤が丘２-５-１,
たまプラーザテラス・ゲートプラザ ＡＴＭ,神奈川県横浜市青葉区美しが丘１-１-２,
港北ニュータウン支店,神奈川県横浜市都筑区茅ケ崎中央１-２センター南駅光ビル４階センター南支店内,0570-04-3195
センター南支店,神奈川県横浜市都筑区茅ケ崎中央１-２センター南駅光ビル４階,0570-04-3195
港北ニュータウン支店 ＡＴＭ,神奈川県横浜市都筑区茅ケ崎中央１-２センター南駅光ビル４階センター南支店内,0570-04-3195
仲町台 ＡＴＭ,神奈川県横浜市都筑区仲町台１-３２-４,
ノースポート・モール ＡＴＭ,神奈川県横浜市都筑区中川中央１-２５　１階,
センター南支店 ＡＴＭ,神奈川県横浜市都筑区茅ケ崎中央１-２センター南駅光ビル４階,0570-04-3195
センター北駅前 ＡＴＭ,神奈川県横浜市都筑区中川中央１-２３-１フォーレスト・ノース・ビル１階,
ららぽーと横浜店,神奈川県横浜市都筑区池辺町４０３５-１,0570-04-3195
ららぽーと横浜店 ＡＴＭ,神奈川県横浜市都筑区池辺町４０３５-１,0570-04-3195
矢向支店,神奈川県川崎市川崎区砂子１-８-１川崎支店内,0570-04-3195
矢向支店 ＡＴＭ,神奈川県川崎市川崎区砂子１-８-１川崎支店内,0570-04-3195
アトレ川崎 ＡＴＭ,神奈川県川崎市川崎区駅前本町２６-１　１階,
川崎駅前タワー・リバーク ＡＴＭ,神奈川県川崎市川崎区駅前本町１２-１　１階,
新川崎スクエア３階 ＡＴＭ,神奈川県川崎市幸区鹿島田１-１-３,
サミットストア尻手駅前店 ＡＴＭ,神奈川県川崎市幸区南幸町３-１１４-１,
ラゾーナ川崎プラザ ＡＴＭ,神奈川県川崎市幸区堀川町７２-１　２階,
新川崎スクエア１階 ＡＴＭ,神奈川県川崎市幸区鹿島田１-１-３,
武蔵中原支店,神奈川県川崎市中原区新丸子東３-１２００　武蔵小杉支店内,0570-04-3195
武蔵小杉支店,神奈川県川崎市中原区新丸子東３-１２００,0570-04-3195
武蔵中原駅前 ＡＴＭ,神奈川県川崎市中原区上小田中６-２２-７,
武蔵中原支店 ＡＴＭ,神奈川県川崎市中原区新丸子東３-１２００　武蔵小杉支店内,0570-04-3195
武蔵小杉北口 ＡＴＭ,神奈川県川崎市中原区小杉町１-４０３-６０,
武蔵小杉東 ＡＴＭ,神奈川県川崎市中原区下沼部１８１０-１シティハウス武蔵小杉１階,
平間 ＡＴＭ,神奈川県川崎市中原区田尻町５８-３,
武蔵小杉支店 ＡＴＭ,神奈川県川崎市中原区新丸子東３-１２００,0570-04-3195
東急元住吉駅 ＡＴＭ,神奈川県川崎市中原区木月１-３６-１,
元住吉 ＡＴＭ,神奈川県川崎市中原区木月２-６-４カーサ４１　１階,
武蔵中原 ＡＴＭ,神奈川県川崎市中原区下小田中１-２０-２,
溝ノ口支店,神奈川県川崎市高津区溝口１-９-１,0570-04-3195
溝ノ口駅前 ＡＴＭ,神奈川県川崎市高津区溝口１-３-１　ＮＯＣＴＹビル１階,
溝ノ口支店 ＡＴＭ,神奈川県川崎市高津区溝口１-９-１,0570-04-3195
宿河原 ＡＴＭ,神奈川県川崎市多摩区宿河原３-５-１,
中野島 ＡＴＭ,神奈川県川崎市多摩区中野島６-２９-８,
生田駅前 ＡＴＭ,神奈川県川崎市多摩区生田７-８,
宮崎台支店,神奈川県川崎市宮前区宮崎２-２-２２,0570-04-3195
鷺沼 ＡＴＭ,神奈川県川崎市宮前区鷺沼１-１１-５,
宮崎台支店 ＡＴＭ,神奈川県川崎市宮前区宮崎２-２-２２,0570-04-3195
多摩センター支店,神奈川県川崎市麻生区万福寺１-１-１,0570-04-3195
生田支店,神奈川県川崎市麻生区万福寺１-１-１新百合ヶ丘支店内,0570-04-3195
柿生支店,神奈川県川崎市麻生区万福寺１-１-１　新百合ヶ丘支店内,0570-04-3195
新百合ヶ丘支店,神奈川県川崎市麻生区万福寺１-１-１,0570-04-3195
百合ヶ丘出張所,神奈川県川崎市麻生区万福寺１-１-１新百合ヶ丘支店内,0570-04-3195
多摩センター支店 ＡＴＭ,神奈川県川崎市麻生区万福寺１-１-１,0570-04-3195
生田支店 ＡＴＭ,神奈川県川崎市麻生区万福寺１-１-１新百合ヶ丘支店内,0570-04-3195
柿生支店 ＡＴＭ,神奈川県川崎市麻生区万福寺１-１-１　新百合ヶ丘支店内,0570-04-3195
新百合ヶ丘駅南口 ＡＴＭ,神奈川県川崎市麻生区万福寺１-１８-１,
新百合ヶ丘支店 ＡＴＭ,神奈川県川崎市麻生区万福寺１-１-１,0570-04-3195
百合ヶ丘出張所 ＡＴＭ,神奈川県川崎市麻生区万福寺１-１-１新百合ヶ丘支店内,0570-04-3195
百合ケ丘駅前 ＡＴＭ,神奈川県川崎市麻生区百合丘１-１-１７　スカイネッツ百合丘１階,
柿生駅前 ＡＴＭ,神奈川県川崎市麻生区上麻生５-３７-２２グランシャリオ１階,
東百合丘 ＡＴＭ,神奈川県川崎市麻生区東百合丘４-４２-７,
橋本駅前 ＡＴＭ,神奈川県相模原市緑区橋本６-２-１イオン橋本店２階,
相模大野支店,神奈川県相模原市南区相模大野３-１-２,0570-04-3195
相模原支店,神奈川県相模原市南区相模大野３-１-２　相模大野支店内,0570-04-3195
相模原支店 ＡＴＭ,神奈川県相模原市南区相模大野３-１-２　相模大野支店内,0570-04-3195
東林間駅前 ＡＴＭ,神奈川県相模原市南区上鶴間６-３１-１０,
小田急相模原 ＡＴＭ,神奈川県相模原市南区南台３-２０-１　ラクアル・オダサガ２階,
相模大野支店 ＡＴＭ,神奈川県相模原市南区相模大野３-１-２,0570-04-3195
横須賀モアーズシティ ＡＴＭ,神奈川県横須賀市若松町２-３０　１階,
平塚駅 ＡＴＭ,神奈川県平塚市明石町９-１,
ららぽーと湘南平塚店 ＡＴＭ,神奈川県平塚市天沼１０-１　３階,0570-04-3195
ららぽーと湘南平塚店,神奈川県平塚市天沼１０-１　３階,0570-04-3195
ららぽーと湘南平塚１階ＡＴＭ ＡＴＭ,神奈川県平塚市天沼１０-１,
大船支店,神奈川県鎌倉市大船１-２４-１６,0570-04-3195
鎌倉支店,神奈川県鎌倉市小町１-４-１　御代川ビル２階・３階,0570-04-3195
大船支店 ＡＴＭ,神奈川県鎌倉市大船１-２４-１６,0570-04-3195
七里ガ浜 ＡＴＭ,神奈川県鎌倉市七里ガ浜東４-３-１３,
鎌倉支店 ＡＴＭ,神奈川県鎌倉市小町１-４-１　御代川ビル２階・３階,0570-04-3195
平塚支店,神奈川県藤沢市藤沢４３８-１　ルミネ藤沢店１階,0570-04-3195
片瀬山出張所,神奈川県藤沢市藤沢４３８-１ルミネ藤沢店１階藤沢支店内,0570-04-3195
藤沢支店,神奈川県藤沢市藤沢４３８-１ルミネ藤沢店１階,0570-04-3195
湘南台支店,神奈川県藤沢市藤沢４３８-１ルミネ藤沢店１階藤沢支店内,0570-04-3195
平塚支店 ＡＴＭ,神奈川県藤沢市藤沢４３８-１　ルミネ藤沢店１階,0570-04-3195
片瀬山出張所 ＡＴＭ,神奈川県藤沢市藤沢４３８-１ルミネ藤沢店１階藤沢支店内,0570-04-3195
藤沢支店 ＡＴＭ,神奈川県藤沢市藤沢４３８-１ルミネ藤沢店１階,0570-04-3195
湘南台支店 ＡＴＭ,神奈川県藤沢市藤沢４３８-１ルミネ藤沢店１階藤沢支店内,0570-04-3195
テラスモール湘南 ＡＴＭ,神奈川県藤沢市辻堂神台１-３-１　１階,
片瀬山二丁目 ＡＴＭ,神奈川県藤沢市片瀬山２-７-２,
湘南台 ＡＴＭ,神奈川県藤沢市湘南台２-５-１１湘南台ウエストプラザ１番地１階,
小田原支店,神奈川県小田原市栄町１-１-１５　ミナカ小田原タワー棟５階,0570-04-3195
ミナカ小田原 ＡＴＭ,神奈川県小田原市栄町１-１-１５　３階,
茅ヶ崎支店,神奈川県茅ヶ崎市元町１-１ＪＲ茅ヶ崎駅ビル内,0570-04-3195
茅ヶ崎支店 ＡＴＭ,神奈川県茅ヶ崎市元町１-１ＪＲ茅ヶ崎駅ビル内,0570-04-3195
逗子支店,神奈川県逗子市逗子１-４-４,0570-04-3195
逗子支店 ＡＴＭ,神奈川県逗子市逗子１-４-４,0570-04-3195
厚木支店,神奈川県厚木市中町２-３-５,0570-04-3195
伊勢原支店,神奈川県厚木市中町２-３-５,0570-04-3195
厚木支店 ＡＴＭ,神奈川県厚木市中町２-３-５,0570-04-3195
伊勢原支店 ＡＴＭ,神奈川県厚木市中町２-３-５,0570-04-3195
海老名支店,神奈川県厚木市中町２-３-５,0570-04-3195
海老名支店 ＡＴＭ,神奈川県厚木市中町２-３-５,0570-04-3195
東京工芸大学 ＡＴＭ,神奈川県厚木市飯山南５-４５-２,
つきみ野支店,神奈川県大和市中央林間８-２５-８　ラプラ中央林間２階中央林間支店内,0570-04-3195
大和支店,神奈川県大和市大和東２-２-１７,0570-04-3195
中央林間駅前 ＡＴＭ,神奈川県大和市中央林間３-３-８,
つきみ野支店 ＡＴＭ,神奈川県大和市中央林間８-２５-８　ラプラ中央林間２階中央林間支店内,0570-04-3195
大和支店 ＡＴＭ,神奈川県大和市大和東２-２-１７,0570-04-3195
中央林間支店,神奈川県大和市中央林間８-２５-８　ラプラ中央林間２階,0570-04-3195
つきみ野東急ストア ＡＴＭ,神奈川県大和市つきみ野５-８-６,
中央林間支店 ＡＴＭ,神奈川県大和市中央林間８-２５-８　ラプラ中央林間２階,0570-04-3195
伊勢原駅前 ＡＴＭ,神奈川県伊勢原市桜台１-２-３４　伊勢原大神宮ビル１階,
海老名総合病院 ＡＴＭ,神奈川県海老名市河原口１３２０　１階,
ららぽーと海老名店,神奈川県海老名市扇町１３-１　４階,0570-04-3195
ららぽーと海老名店 ＡＴＭ,神奈川県海老名市扇町１３-１　４階,0570-04-3195
海老名駅前 ＡＴＭ,神奈川県海老名市中央１-２-２,
葉山 ＡＴＭ,神奈川県三浦郡葉山町一色１７３７-３,
新潟支店,新潟県新潟市中央区西堀通６-８６７-２,0570-04-3195
新潟支店 ＡＴＭ,新潟県新潟市中央区西堀通６-８６７-２,0570-04-3195
新潟駅前 ＡＴＭ,新潟県新潟市中央区東大通１-３-１０,
富山支店,富山県富山市荒町２-２１,0570-04-3195
富山支店 ＡＴＭ,富山県富山市荒町２-２１,0570-04-3195
金沢支店,石川県金沢市下堤町７,0570-04-3195
金沢支店 ＡＴＭ,石川県金沢市下堤町７,0570-04-3195
福井支店,福井県福井市大手３-４-７,0570-04-3195
福井支店 ＡＴＭ,福井県福井市大手３-４-７,0570-04-3195
甲府支店,山梨県甲府市丸の内２-２-１,0570-04-3195
甲府支店 ＡＴＭ,山梨県甲府市丸の内２-２-１,0570-04-3195
長野支店,長野県長野市問御所町１１６７-２,0570-04-3195
長野支店 ＡＴＭ,長野県長野市問御所町１１６７-２,0570-04-3195
ながの東急百貨店 ＡＴＭ,長野県長野市南千歳町８２７　１階,
松本 ＡＴＭ,長野県松本市大手２-２-１６　ながぎん松本センタービル１階,
上田支店,長野県上田市中央２-１-１８,0570-04-3195
上田支店 ＡＴＭ,長野県上田市中央２-１-１８,0570-04-3195
ＪＲ岡谷駅 ＡＴＭ,長野県岡谷市中央町１,
諏訪支店,長野県諏訪市諏訪１-５-２５,0570-04-3195
諏訪支店 ＡＴＭ,長野県諏訪市諏訪１-５-２５,0570-04-3195
岐阜支店,岐阜県岐阜市神田町７-９,0570-04-3195
岐阜支店 ＡＴＭ,岐阜県岐阜市神田町７-９,0570-04-3195
静岡支店,静岡県静岡市葵区追手町１-６日本生命静岡ビル３階,0570-04-3195
静岡支店 ＡＴＭ,静岡県静岡市葵区追手町１-６日本生命静岡ビル３階,0570-04-3195
浜松支店,静岡県浜松市中央区砂山町３２５-６　日本生命浜松駅前ビル内,0570-04-3195
浜松支店 ＡＴＭ,静岡県浜松市中央区砂山町３２５-６　日本生命浜松駅前ビル内,0570-04-3195
伊東 ＡＴＭ,静岡県伊東市松原湯端町２-８タイムズグルメシティ伊東店,
本山支店,愛知県名古屋市千種区末盛通５-９,0570-04-3195
一社支店,愛知県名古屋市千種区星が丘元町１４-１４　星ヶ丘三越６階星ヶ丘支店内,0570-04-3195
池下支店,愛知県名古屋市千種区末盛通５-９本山支店内,0570-04-3195
藤が丘支店,愛知県名古屋市千種区星が丘元町１４-１４　星ヶ丘三越６階星ヶ丘支店内,0570-04-3195
本山支店 ＡＴＭ,愛知県名古屋市千種区末盛通５-９,0570-04-3195
星が丘テラス ＡＴＭ,愛知県名古屋市千種区星が丘元町１６-５０　１階,
一社支店 ＡＴＭ,愛知県名古屋市千種区星が丘元町１４-１４　星ヶ丘三越６階星ヶ丘支店内,0570-04-3195
池下支店 ＡＴＭ,愛知県名古屋市千種区末盛通５-９本山支店内,0570-04-3195
藤が丘支店 ＡＴＭ,愛知県名古屋市千種区星が丘元町１４-１４　星ヶ丘三越６階星ヶ丘支店内,0570-04-3195
池下 ＡＴＭ,愛知県名古屋市千種区覚王山通７-１１,
名古屋市営地下鉄星ヶ丘駅 ＡＴＭ,愛知県名古屋市千種区井上町８５-１　地下１階,
星ヶ丘支店 ＡＴＭ,愛知県名古屋市千種区星が丘元町１４-１４　星ヶ丘三越６階,0570-04-3195
星ヶ丘支店,愛知県名古屋市千種区星が丘元町１４-１４　星ヶ丘三越６階,0570-04-3195
名古屋駅前支店,愛知県名古屋市中村区名駅４-８-１８名古屋三井ビルディング北館５階,0570-04-3195
名古屋駅前支店 ＡＴＭ,愛知県名古屋市中村区名駅４-８-１８名古屋三井ビルディング北館５階,0570-04-3195
名古屋ミッドランドスクエア ＡＴＭ,愛知県名古屋市中村区名駅４-７-１　地下１階,
三井物産中部支社 ＡＴＭ,愛知県名古屋市中村区名駅南１-１６-２１　１階,
ＪＲセントラルタワーズ ＡＴＭ,愛知県名古屋市中村区名駅１-１-４　１階,
ＪＲゲートタワー ＡＴＭ,愛知県名古屋市中村区名駅１-１-３　２階,
名古屋共同 ＡＴＭ,愛知県名古屋市中村区名駅４-７-１　ＳＭＢＣ信託銀行名古屋支店内,
ＪＲ名古屋駅 ＡＴＭ,愛知県名古屋市中村区名駅１-１-４　１階,
名古屋キタチカ ＡＴＭ,愛知県名古屋市中村区名駅４-５４名古屋三井ビルディング北館地下街内,
上前津支店,愛知県名古屋市中区大須３-４６-２４,0570-04-3195
名古屋栄支店,愛知県名古屋市中区栄３-５-１名古屋栄三越１階,0570-04-3195
名古屋支店,愛知県名古屋市中区錦２-１８-２４,0570-04-3195
赤池支店,愛知県名古屋市中区錦２-１８-２４,0570-04-3195
ＳＭＢＣパーク栄,愛知県名古屋市中区錦３-１６-２７栄パークサイドプレイス　１階,
天白植田支店,愛知県名古屋市中区錦２-１８-２４,0570-04-3195
御器所支店,愛知県名古屋市中区大須３-４６-２４上前津支店内,0570-04-3195
上前津支店 ＡＴＭ,愛知県名古屋市中区大須３-４６-２４,0570-04-3195
名古屋栄支店 ＡＴＭ,愛知県名古屋市中区栄３-５-１名古屋栄三越１階,0570-04-3195
名古屋支店 ＡＴＭ,愛知県名古屋市中区錦２-１８-２４,0570-04-3195
赤池支店 ＡＴＭ,愛知県名古屋市中区錦２-１８-２４,0570-04-3195
ＳＭＢＣパーク栄 ＡＴＭ,愛知県名古屋市中区錦３-１６-２７栄パークサイドプレイス　１階,
天白植田支店 ＡＴＭ,愛知県名古屋市中区錦２-１８-２４,0570-04-3195
御器所支店 ＡＴＭ,愛知県名古屋市中区大須３-４６-２４上前津支店内,0570-04-3195
金山支店,愛知県名古屋市中区錦２-１８-２４,0570-04-3195
金山支店 ＡＴＭ,愛知県名古屋市中区錦２-１８-２４,0570-04-3195
いりなか ＡＴＭ,愛知県名古屋市昭和区花見通３-１８,
名古屋市営地下鉄御器所駅北改札口前 ＡＴＭ,愛知県名古屋市昭和区阿由知通３-２３-１,
八事支店,愛知県名古屋市瑞穂区弥富町字緑ヶ岡１,0570-04-3195
野並支店,愛知県名古屋市瑞穂区弥富町字緑ヶ岡１八事支店内,0570-04-3195
いりなか支店,愛知県名古屋市瑞穂区弥富町字緑ヶ岡１八事支店内,0570-04-3195
八事支店 ＡＴＭ,愛知県名古屋市瑞穂区弥富町字緑ヶ岡１,0570-04-3195
野並支店 ＡＴＭ,愛知県名古屋市瑞穂区弥富町字緑ヶ岡１八事支店内,0570-04-3195
いりなか支店 ＡＴＭ,愛知県名古屋市瑞穂区弥富町字緑ヶ岡１八事支店内,0570-04-3195
イオンモール熱田店 ＡＴＭ,愛知県名古屋市熱田区六野１-２-１１　３階,0570-04-3195
名鉄金山駅東改札口 ＡＴＭ,愛知県名古屋市熱田区金山町１-１-１８,
イオンモール熱田店,愛知県名古屋市熱田区六野１-２-１１　３階,0570-04-3195
ＬＥＧＯＬＡＮＤ　Ｊａｐａｎ ＡＴＭ,愛知県名古屋市港区金城ふ頭２-２-１,
鳴海駅 ＡＴＭ,愛知県名古屋市緑区鳴海町向田１-３　２階,
名古屋市営地下鉄藤が丘駅 ＡＴＭ,愛知県名古屋市名東区藤が丘１６３,
一社 ＡＴＭ,愛知県名古屋市名東区一社２-８８,
名古屋市営地下鉄野並駅 ＡＴＭ,愛知県名古屋市天白区古川町２００地下１階,
植田駅前 ＡＴＭ,愛知県名古屋市天白区植田１-１３１０,
豊橋支店,愛知県豊橋市広小路３-４９,0570-04-3195
豊橋支店 ＡＴＭ,愛知県豊橋市広小路３-４９,0570-04-3195
岡崎支店,愛知県岡崎市康生通西２-１５,0570-04-3195
岡崎支店 ＡＴＭ,愛知県岡崎市康生通西２-１５,0570-04-3195
名鉄一宮駅 ＡＴＭ,愛知県一宮市新生１-１-１,
刈谷支店,愛知県刈谷市相生町１-１-１　アドバンス・スクエア刈谷１階,0570-04-3195
刈谷支店 ＡＴＭ,愛知県刈谷市相生町１-１-１　アドバンス・スクエア刈谷１階,0570-04-3195
刈谷豊田総合病院 ＡＴＭ,愛知県刈谷市住吉町５-１５,
豊田支店,愛知県豊田市喜多町２-９３,0570-04-3195
豊田支店 ＡＴＭ,愛知県豊田市喜多町２-９３,0570-04-3195
トヨタ生協 ＡＴＭ,愛知県豊田市山之手８-９２,
中部国際空港セントレア内 ＡＴＭ,愛知県常滑市セントレア１-１,
藤田医科大学病院 ＡＴＭ,愛知県豊明市沓掛町田楽ヶ窪１-９８,
プライムツリー赤池店 ＡＴＭ,愛知県日進市赤池町箕ノ手１　１階,0570-04-3195
プライムツリー赤池店,愛知県日進市赤池町箕ノ手１　１階,0570-04-3195
ビエラ大津 ＡＴＭ,滋賀県大津市春日町１-３　１階,
ＪＲ草津駅 ＡＴＭ,滋賀県草津市渋川１-１　２階,
近鉄百貨店草津店 ＡＴＭ,滋賀県草津市渋川１-１-５０　２Ｆ,
草津支店 ＡＴＭ,滋賀県草津市渋川１-１-５０　近鉄百貨店草津店３階,0570-04-3195
草津支店,滋賀県草津市渋川１-１-５０　近鉄百貨店草津店３階,0570-04-3195
京都市営地下鉄今出川駅 ＡＴＭ,京都府京都市上京区岡松町地先,
円町支店,京都府京都市中京区西ノ京円町１０-１,0570-04-3195
円町支店 ＡＴＭ,京都府京都市中京区西ノ京円町１０-１,0570-04-3195
京都市営地下鉄烏丸御池駅第一 ＡＴＭ,京都府京都市中京区虎屋町地先　Ｂ２階,
京都支店,京都府京都市下京区四条通烏丸東入長刀鉾町８　京都三井ビル内,0570-04-3195
四条支店,京都府京都市下京区四条通烏丸東入長刀鉾町８　京都三井ビル内京都支店内,0570-04-3195
京都支店 ＡＴＭ,京都府京都市下京区四条通烏丸東入長刀鉾町８　京都三井ビル内,0570-04-3195
ＪＲ京都駅 ＡＴＭ,京都府京都市下京区烏丸通塩小路下る東塩小路町９０１　１Ｆ,
京都市営地下鉄京都駅第一 ＡＴＭ,京都府京都市下京区東塩小路地先,
京都市営地下鉄五条駅 ＡＴＭ,京都府京都市下京区大坂町地先,
京都河原町 ＡＴＭ,京都府京都市下京区河原町通り四条下る順風町３０９番地中村ビル１階,
イオンモール京都桂川店,京都府京都市南区久世高田町３７６-１　１階,0570-04-3195
イオンモール京都桂川店 ＡＴＭ,京都府京都市南区久世高田町３７６-１　１階,0570-04-3195
伏見支店,京都府京都市伏見区銀座町１-３５４-１,0570-04-3195
伏見支店 ＡＴＭ,京都府京都市伏見区銀座町１-３５４-１,0570-04-3195
ＭＯＭＯテラス１階ＡＴＭ ＡＴＭ,京都府京都市伏見区桃山町山ノ下３２,
松井山手駅前 ＡＴＭ,京都府京田辺市山手中央２-１,
京阪京橋支店,大阪府大阪市都島区東野田町２-４-１９,0570-04-3195
徳庵支店,大阪府大阪市都島区東野田町２-４-１９　三井住友銀行京阪京橋ビル４階京阪京橋支店内,0570-04-3195
大阪ビジネスパーク出張所,大阪府大阪市都島区東野田町２-４-１９三井住友銀行京阪京橋ビル４階京阪京橋支店内,0570-04-3195
京阪京橋支店 ＡＴＭ,大阪府大阪市都島区東野田町２-４-１９,0570-04-3195
都島 ＡＴＭ,大阪府大阪市都島区高倉町１-５-６,
徳庵支店 ＡＴＭ,大阪府大阪市都島区東野田町２-４-１９　三井住友銀行京阪京橋ビル４階京阪京橋支店内,0570-04-3195
大阪ビジネスパーク出張所 ＡＴＭ,大阪府大阪市都島区東野田町２-４-１９三井住友銀行京阪京橋ビル４階京阪京橋支店内,0570-04-3195
西野田支店,大阪府大阪市福島区大開１-１４-１６,0570-04-3195
四貫島支店,大阪府大阪市福島区大開１-１４-１６西野田支店内,0570-04-3195
歌島橋支店,大阪府大阪市福島区大開１-１４-１６西野田支店内,0570-04-3195
西野田支店 ＡＴＭ,大阪府大阪市福島区大開１-１４-１６,0570-04-3195
四貫島支店 ＡＴＭ,大阪府大阪市福島区大開１-１４-１６西野田支店内,0570-04-3195
歌島橋支店 ＡＴＭ,大阪府大阪市福島区大開１-１４-１６西野田支店内,0570-04-3195
福島 ＡＴＭ,大阪府大阪市福島区福島５-１-１２,
ＵＳＪ ＡＴＭ,大阪府大阪市此花区桜島２-１-３３,
四貫島 ＡＴＭ,大阪府大阪市此花区四貫島１-９-１０　セントラルプラザ１階,
立売堀支店,大阪府大阪市西区立売堀４-１-２０,0570-04-3195
大阪西支店,大阪府大阪市西区立売堀４-１-２０立売堀支店内,0570-04-3195
港支店,大阪府大阪市西区立売堀４-１-２０　立売堀支店内,0570-04-3195
立売堀支店 ＡＴＭ,大阪府大阪市西区立売堀４-１-２０,0570-04-3195
大阪西支店 ＡＴＭ,大阪府大阪市西区立売堀４-１-２０立売堀支店内,0570-04-3195
港支店 ＡＴＭ,大阪府大阪市西区立売堀４-１-２０　立売堀支店内,0570-04-3195
コスモタワー出張所 ＡＴＭ,大阪府大阪市西区立売堀４-１-２０　立売堀支店内,0570-04-3195
イオンモール大阪ドームシティ ＡＴＭ,大阪府大阪市西区千代崎３-１３-１　１階,
四ツ橋駅北 ＡＴＭ,大阪府大阪市西区新町１-９-２,
コスモタワー出張所,大阪府大阪市港区夕凪１−１−１港支店内,06-6574-0191
天保山マーケットプレース ＡＴＭ,大阪府大阪市港区海岸通１-１-１０　２階,
夕凪一丁目 ＡＴＭ,大阪府大阪市港区夕凪１-１-１,
三軒家東 ＡＴＭ,大阪府大阪市大正区三軒家東４-１-２２,
上本町 ＡＴＭ,大阪府大阪市天王寺区上本町７-２-４,
天王寺ミオ ＡＴＭ,大阪府大阪市天王寺区悲田院町１０-３９　１階,
近鉄百貨店上本町店 ＡＴＭ,大阪府大阪市天王寺区上本町６-１-５５,
ＪＲ天王寺駅 ＡＴＭ,大阪府大阪市天王寺区悲田院町１０-４５,
平野支店（法人のお客さま専用窓口） ＡＴＭ,大阪府大阪市天王寺区堀越町１３-１８銀泉天王寺ビル３階阿倍野支店内,
天王寺駅前支店（法人のお客さま専用窓口） ＡＴＭ,大阪府大阪市天王寺区堀越町１３-１８銀泉天王寺ビル３階阿倍野支店内,
阿倍野支店（法人のお客さま専用窓口） ＡＴＭ,大阪府大阪市天王寺区堀越町１３-１８銀泉天王寺ビル３階,
マルイト難波ビル第一 ＡＴＭ,大阪府大阪市浪速区湊町１-２-３　Ｂ１階,
マルイト難波ビル第二 ＡＴＭ,大阪府大阪市浪速区湊町１-２-３　Ｂ１階,
イズミヤスーパーセンター福町店 ＡＴＭ,大阪府大阪市西淀川区福町３-２-１５　１階,
歌島橋 ＡＴＭ,大阪府大阪市西淀川区千舟１-１-１１-１０１,
今里支店,大阪府大阪市東成区東小橋３-１２-１８鶴橋支店内,0570-04-3195
鶴橋支店,大阪府大阪市東成区東小橋３-１２-１８,0570-04-3195
今里支店 ＡＴＭ,大阪府大阪市東成区東小橋３-１２-１８鶴橋支店内,0570-04-3195
鶴橋支店 ＡＴＭ,大阪府大阪市東成区東小橋３-１２-１８,0570-04-3195
大今里西 ＡＴＭ,大阪府大阪市東成区大今里西２-１７-１９,
生野田島 ＡＴＭ,大阪府大阪市生野区田島３-３-３２,
赤川町支店,大阪府大阪市旭区赤川２-５-１３,0570-04-3195
千林支店,大阪府大阪市旭区千林２-１２-３１,0570-04-3195
赤川町支店 ＡＴＭ,大阪府大阪市旭区赤川２-５-１３,0570-04-3195
千林支店 ＡＴＭ,大阪府大阪市旭区千林２-１２-３１,0570-04-3195
城東支店,大阪府大阪市城東区蒲生４-２２-１２,0570-04-3195
関目支店,大阪府大阪市城東区蒲生４-２２-１２　城東支店内,0570-04-3195
深江橋支店,大阪府大阪市城東区永田４-１７-１２,0570-04-3195
城東支店 ＡＴＭ,大阪府大阪市城東区蒲生４-２２-１２,0570-04-3195
関目支店 ＡＴＭ,大阪府大阪市城東区蒲生４-２２-１２　城東支店内,0570-04-3195
深江橋支店 ＡＴＭ,大阪府大阪市城東区永田４-１７-１２,0570-04-3195
関目 ＡＴＭ,大阪府大阪市城東区関目３-２-５,
天王寺駅前支店,大阪府大阪市阿倍野区阿倍野筋１-１-４３あべのハルカス近鉄本店８階阿倍野支店内,0570-04-3195
生野支店,大阪府大阪市阿倍野区天王寺町北２-１４-１寺田町支店内,0570-04-3195
阿倍野支店,大阪府大阪市阿倍野区阿倍野筋１-１-４３　あべのハルカス近鉄本店８階,0570-04-3195
寺田町支店,大阪府大阪市阿倍野区天王寺町北２-１４-１,0570-04-3195
西田辺支店,大阪府大阪市阿倍野区西田辺町１-１７-１１,0570-04-3195
平野支店,大阪府大阪市阿倍野区阿倍野筋１-１-４３あべのハルカス近鉄本店８階阿倍野支店内,0570-04-3195
天王寺駅前支店 ＡＴＭ,大阪府大阪市阿倍野区阿倍野筋１-１-４３あべのハルカス近鉄本店８階阿倍野支店内,0570-04-3195
生野支店 ＡＴＭ,大阪府大阪市阿倍野区天王寺町北２-１４-１寺田町支店内,0570-04-3195
阿倍野支店 ＡＴＭ,大阪府大阪市阿倍野区阿倍野筋１-１-４３　あべのハルカス近鉄本店８階,0570-04-3195
寺田町支店 ＡＴＭ,大阪府大阪市阿倍野区天王寺町北２-１４-１,0570-04-3195
西田辺支店 ＡＴＭ,大阪府大阪市阿倍野区西田辺町１-１７-１１,0570-04-3195
平野支店 ＡＴＭ,大阪府大阪市阿倍野区阿倍野筋１-１-４３あべのハルカス近鉄本店８階阿倍野支店内,0570-04-3195
大阪阿部野橋駅 ＡＴＭ,大阪府大阪市阿倍野区阿倍野筋１-１-４３地下,
あべのハルカス ＡＴＭ,大阪府大阪市阿倍野区阿倍野筋１-１-４３　１７階,
あべのキューズモール ＡＴＭ,大阪府大阪市阿倍野区阿倍野筋１-６-１　１階,
あべのハルカス近鉄本店 ＡＴＭ,大阪府大阪市阿倍野区阿倍野筋１-１-４３近鉄あべの橋駅ターミナルビル１階,
長居 ＡＴＭ,大阪府大阪市住吉区長居３-１３-３,
駒川町支店,大阪府大阪市東住吉区駒川５-２３-２３,0570-04-3195
美章園支店,大阪府大阪市東住吉区北田辺１-２-７,0570-04-3195
駒川町支店 ＡＴＭ,大阪府大阪市東住吉区駒川５-２３-２３,0570-04-3195
美章園支店 ＡＴＭ,大阪府大阪市東住吉区北田辺１-２-７,0570-04-3195
天下茶屋 ＡＴＭ,大阪府大阪市西成区潮路１-１-５,
十三支店,大阪府大阪市淀川区十三本町１-６-２７,0570-04-3195
新大阪支店,大阪府大阪市淀川区宮原４-１-６　アクロス新大阪ビル内,0570-04-3195
神崎川 ＡＴＭ,大阪府大阪市淀川区三津屋北１-５-２０,
十三支店 ＡＴＭ,大阪府大阪市淀川区十三本町１-６-２７,0570-04-3195
新大阪支店 ＡＴＭ,大阪府大阪市淀川区宮原４-１-６　アクロス新大阪ビル内,0570-04-3195
