支店名,住所,電話番号,地域
札幌支店・札幌中央支店（店番：391・店番：350）,北海道札幌市中央区北2条西4丁目1番地,"0120-070-391
            
            
               / 
              011-251-2171",北海道
札幌住宅ローンセンター,北海道札幌市中央区北2条西4丁目1番地（札幌支店内）,"0120-070-391
            
            
               / 
              011-251-3255",北海道
仙台支店・仙台あおば支店（店番：310・店番：392）,宮城県仙台市青葉区中央2丁目1番7号,"0120-220-205
            
            
               / 
              022-224-1144",宮城県
仙台住宅ローンセンター,宮城県仙台市青葉区中央2丁目1番7号（仙台支店内）,"0120-220-205
            
            
               / 
              022-224-1149",宮城県
宇都宮支店,栃木県宇都宮市本町4番12号,"0120-466-328
            
            
               / 
              028-625-3101",栃木県
前橋支店,群馬県前橋市本町2丁目2番12号,"0120-771-634
            
            
               / 
              027-233-0800",群馬県
大宮支店・大宮駅前支店（店番：590・店番：635）,埼玉県さいたま市大宮区大門町1丁目32番地,"0120-353-284
            
            
               / 
              048-643-6311",埼玉県
大宮住宅ローンセンター,埼玉県さいたま市大宮区大門町1丁目32番地（大宮支店内）,"0120-677-988
            
            
               / 
              048-643-7735",埼玉県
浦和支店,埼玉県さいたま市浦和区高砂1丁目12番1号,"0120-857-330
            
            
               / 
              048-822-1181",埼玉県
所沢支店・所沢駅前支店（店番：300・店番：370）,埼玉県所沢市日吉町3番5号,"0120-231-300
            
            
               / 
              04-2922-1131",埼玉県
越谷支店,埼玉県越谷市弥生町14番22号,"0120-658-121
            
            
               / 
              048-965-8121",埼玉県
杉戸支店,埼玉県北葛飾郡杉戸町杉戸2丁目13番12号,"0120-177-245
            
            
               / 
              0480-34-3111",埼玉県
千葉支店・千葉駅前支店（店番：324・店番：580）,千葉県千葉市中央区富士見1丁目1番16号,"0120-115-324
            
            
               / 
              043-222-3131",千葉県
市川支店,千葉県市川市市川1丁目7番13号　市川島村ビル,"0120-208-332
            
            
               / 
              047-313-7711",千葉県
船橋支店,千葉県船橋市本町1丁目3番1号,"0120-355-327
            
            
               / 
              047-423-3131",千葉県
船橋住宅ローンセンター,千葉県船橋市本町1丁目3番1号（船橋支店内）,"0120-355-327
            
            
               / 
              047-423-3133",千葉県
津田沼支店,千葉県船橋市前原西2丁目14番5号,"0120-225-066
            
            
               / 
              047-478-6111",千葉県
松戸支店,千葉県松戸市本町2番1,"0120-580-329
            
            
               / 
              047-367-3331",千葉県
柏支店,千葉県柏市柏四丁目2番1号 メットライフ柏ビル,"0120-300-785
            
            
               / 
              04-7130-9575",千葉県
八千代支店,千葉県八千代市八千代台南1丁目3番1号,"0120-155-980
            
            
               / 
              047-483-3133",千葉県
本店営業部,東京都千代田区丸の内1丁目4番1号 三井住友信託銀行本店ビル,"0120-038-720
            (個人のお客さま専用)
            
               / 
              03-3286-1111",東京都
本店住宅ローンセンター,東京都千代田区丸の内1丁目4番1号 三井住友信託銀行本店ビル地下1階（本店営業部内）,"0120-421-425
            
            
               / 
              03-3286-8656",東京都
日本橋営業部・東京中央支店（店番：100・店番：450）,東京都中央区日本橋室町2丁目1番1号,"0120-579-100
            
            
               / 
              03-3270-9511",東京都
日本橋住宅ローンセンター,東京都中央区日本橋室町2丁目1番1号（日本橋営業部内）,"0120-579-100
            
            
               / 
              03-3277-7905",東京都
芝営業部,東京都港区芝3丁目33番1号,"0120-775-110
            
            
               / 
              03-5232-3331",東京都
ローン営業部,東京都港区芝3丁目33番1号 3階,0120-020-310,東京都
虎ノ門コンサルティングオフィス （本店営業部 虎ノ門出張所）,東京都港区西新橋1丁目7番1号,"0120-284-283
            
            
               / 
              03-3508-0100",東京都
虎ノ門住宅ローンセンター,東京都港区西新橋1丁目7番1号（虎ノ門コンサルティングオフィス2階）,03-3508-0600,東京都
コンサルプラザ新橋（本店営業部　新橋出張所）,東京都港区新橋2丁目20番1号,"0120-686-515
            
            
               / 
              03-3571-7141",東京都
新宿支店,東京都新宿区新宿3丁目26番11号,"0120-494-103
            
            
               / 
              03-3354-2111",東京都
新宿住宅ローンセンター,東京都新宿区新宿3丁目26番11号（新宿支店内）,"0120-017-334
            
            
               / 
              03-3354-2134",東京都
新宿西口支店,東京都新宿区西新宿1丁目1番4号,"0120-410-525
            
            
               / 
              03-3346-3131",東京都
上野支店・上野中央支店（店番：528・店番：470）,東京都台東区上野1丁目19番10号,"0120-811-528
            
            
               / 
              03-3831-3121",東京都
上野住宅ローンセンター,東京都台東区上野1丁目19番10号（上野支店内）,"0120-811-528
            (平日のみご利用いただけます。)
            
               / 
              03-3831-9540",東京都
目黒支店,東京都品川区上大崎2丁目25番5号,"0120-720-161
            
            
               / 
              03-6704-4656",東京都
自由が丘支店,東京都目黒区自由が丘2丁目10番20号,"0120-544-481
            
            
               / 
              03-6834-2311",東京都
大森支店,東京都大田区山王2丁目1番1号,"0120-023-170
            
            
               / 
              03-3771-0116",東京都
三軒茶屋支店,東京都世田谷区太子堂4丁目1番1号,"0120-366-180
            
            
               / 
              03-3413-3101",東京都
コンサルプラザ成城（新宿西口支店　成城出張所）（店番：525）,東京都世田谷区成城6丁目5番34号,"0120-118-849
            
            
               / 
              03-3482-2111",東京都
二子玉川支店,東京都世田谷区玉川2丁目22番12号,"0120-100-625
            
            
               / 
              03-5717-9511",東京都
渋谷支店・渋谷中央支店（店番：160・店番：520）,お手続き内容により、受付するビル・受付の終了時間が異なります。詳しくは、こちら（490KB）をご覧ください。 （東急プラザ渋谷2・5階） 〒150-0043東京都渋谷区道玄坂1丁目2番3号 （渋谷スクエアAビル2階） 〒150-0043東京都渋谷区道玄坂1丁目9番5号,"0120-525-160
            
            
               / 
              03-3463-3181",東京都
渋谷住宅ローンセンター,東京都渋谷区道玄坂1丁目9番5号　渋谷スクエアAビル2階,"0120-525-160
            (平日のみご利用いただけます。)
            
               / 
              03-3463-3185",東京都
中野支店,東京都中野区中野5丁目62番5号,"0120-121-527
            
            
               / 
              03-3389-1231",東京都
荻窪支店,東京都杉並区上荻1丁目17番1号 シンフォニーシティ荻窪2階,"0120-262-254
            
            
               / 
              03-3392-5151",東京都
池袋支店・池袋東口支店（店番：526・店番：530）,東京都豊島区東池袋1丁目41番7号,"0120-007-526
            
            
               / 
              03-3984-8131",東京都
池袋住宅ローンセンター,東京都豊島区東池袋1丁目41番7号（池袋支店内）,"0120-007-526
            (平日のみご利用いただけます。)
            
               / 
              03-3984-8141",東京都
石神井支店,東京都練馬区石神井町2丁目14番1号石神井公園ﾋﾟｱﾚｽＡ,"0120-011-239
            
            
               / 
              03-3995-1221",東京都
八王子支店・八王子駅前支店（店番：629・店番：360）,東京都八王子市旭町9番1号,"0120-600-629
            
            
               / 
              042-644-2011",東京都
立川支店・立川北口支店（店番：190・店番：690）,東京都立川市曙町2丁目6番1号,"0120-196-190
            
            
               / 
              042-522-6111",東京都
立川住宅ローンセンター,東京都立川市曙町2丁目6番1号（立川支店内）,"0120-196-190
            
            
               / 
              042-522-6115",東京都
吉祥寺支店・吉祥寺中央支店（店番：529・店番：540）,東京都武蔵野市吉祥寺本町2丁目2番15号,"0120-722-529
            
            
               / 
              0422-21-8631",東京都
吉祥寺住宅ローンセンター,東京都武蔵野市吉祥寺本町2丁目2番15号（吉祥寺支店・吉祥寺中央支店内）,"0120-255-710
            
            
               / 
              0422-22-4065",東京都
コンサルプラザ調布（新宿西口支店調布出張所）,東京都調布市小島町2丁目48番地26,"0120-030-122
            
            
               / 
              042-490-3081",東京都
町田支店,東京都町田市原町田6丁目3番4号,"0120-322-294
            
            
               / 
              042-725-1131",東京都
町田住宅ローンセンター,東京都町田市原町田6丁目3番4号（町田支店内）,"0120-322-294
            (平日のみご利用いただけます。)
            
               / 
              042-725-1563",東京都
小金井支店,東京都小金井市本町5丁目10番1号,"0120-377-541
            
            
               / 
              042-303-2233",東京都
コンサルプラザせいせき（多摩桜ヶ丘支店　聖蹟桜ヶ丘出張所）,東京都多摩市関戸1丁目7番地の5,"0120-556-784
            
            
               / 
              042-375-0111",東京都
多摩桜ヶ丘支店,東京都多摩市関戸1丁目1番地の5,"0120-231-597
            
            
               / 
              042-374-3211",東京都
コンサルプラザ多摩センター（多摩桜ヶ丘支店・多摩センター出張所）（店番：597）,東京都多摩市落合1丁目44番地,"0120-221-411
            
            
               / 
              042-355-2561",東京都
横浜駅西口支店・横浜支店（店番：325・店番：570）,神奈川県横浜市西区南幸1丁目6番31号,"0120-771-325
            
            
               / 
              045-312-3131",神奈川県
横浜住宅ローンセンター,神奈川県横浜市西区北幸1丁目6番1号,"0120-771-325
            (平日のみご利用いただけます。)
            
               / 
              045-312-3130",神奈川県
コンサルプラザ戸塚（横浜駅西口支店　戸塚出張所）（店番：325）,神奈川県横浜市戸塚区戸塚町16番地1,"0120-227-787
            
            
               / 
              045-864-2131",神奈川県
上大岡支店,神奈川県横浜市港南区上大岡西1丁目18番5号 ミオカM2階,"0120-156-321
            (平日のみご利用いただけます)
            
               / 
              045-522-6370",神奈川県
港南台支店,神奈川県横浜市港南区港南台3丁目15番2－102号,"0120-228-872
            
            
               / 
              045-832-1171",神奈川県
二俣川支店,神奈川県横浜市旭区二俣川1丁目3番地の2,"0120-860-377
            
            
               / 
              045-362-3306",神奈川県
青葉台支店,神奈川県横浜市青葉区青葉台2丁目9番2号,"0120-300-429
            
            
               / 
              045-984-2611",神奈川県
たまプラーザ支店,神奈川県横浜市青葉区美しが丘2丁目15番8号,"0120-064-960
            
            
               / 
              045-903-1131",神奈川県
たまプラーザ住宅ローンセンター,神奈川県横浜市青葉区美しが丘2丁目15番8号（たまプラーザ支店内）,"0120-400-619
            (平日のみご利用いただけます。)
            
               / 
              045-903-1128",神奈川県
コンサルプラザ港北（たまプラーザ支店　港北出張所）（店番：960）,神奈川県横浜市都筑区中川中央1丁目1番3号,"0120-322-295
            
            
               / 
              045-912-5230",神奈川県
川崎支店,神奈川県川崎市川崎区駅前本町3番地1,"0120-199-331
            
            
               / 
              044-222-5311",神奈川県
コンサルプラザ武蔵小杉（川崎支店　武蔵小杉出張所）,神奈川県川崎市中原区新丸子東3丁目1302番地 ららテラス 武蔵小杉4階,"0120-026-174
            
            
               / 
              044-330-6384",神奈川県
新百合ヶ丘支店,神奈川県川崎市麻生区上麻生1丁目5番3号,"0120-778-295
            
            
               / 
              044-330-3711",神奈川県
相模大野支店,神奈川県相模原市南区相模大野3丁目13番7号YSビル,"0120-015-334
            
            
               / 
              042-765-1311",神奈川県
横須賀支店,神奈川県横須賀市大滝町2丁目3番地,"0120-661-950
            
            
               / 
              046-827-1131",神奈川県
藤沢支店・藤沢中央支店（店番：336・店番：380）,神奈川県藤沢市南藤沢21番1－101号,"0120-600-336
            
            
               / 
              0466-26-3151",神奈川県
藤沢住宅ローンセンター,神奈川県藤沢市南藤沢21番1－101号（藤沢支店内）,"0120-600-336
            (平日のみご利用いただけます。)
            
               / 
              0466-26-3358",神奈川県
小田原支店,神奈川県小田原市栄町1丁目2番12号,"0120-855-626
            
            
               / 
              0465-24-3901",神奈川県
厚木支店,神奈川県厚木市中町3丁目5番14号,"0120-363-940
            
            
               / 
              046-221-0509",神奈川県
新潟支店・新潟中央支店（店番：630・店番：642）,新潟県新潟市中央区上大川前通六番町1178番地の1,"0120-111-330
            
            
               / 
              025-224-2111",新潟県
富山支店,富山県富山市桜町1丁目1番36号,"0120-116-641
            
            
               / 
              076-441-4631",富山県
金沢支店・金沢中央支店（店番：631・店番：680）,石川県金沢市上堤町1番18号,"0120-456-631
            
            
               / 
              076-231-4221",石川県
金沢住宅ローンセンター,石川県金沢市上堤町1番18号（金沢支店内）,"0120-226-632
            
            
               / 
              076-261-7171",石川県
福井支店,福井県福井市中央1丁目7番1号,"0120-266-643
            
            
               / 
              0776-25-0651",福井県
甲府支店,山梨県甲府市丸の内1丁目17番14号,"0120-083-000
            
            
               / 
              055-226-3000",山梨県
岐阜支店,岐阜県岐阜市長住町2丁目3番地,"0120-608-664
            
            
               / 
              058-264-2291",岐阜県
静岡支店・静岡中央支店（店番：420・店番：610）,静岡県静岡市葵区紺屋町3番地の10,"0120-303-420
            
            
               / 
              054-253-6131",静岡県
静岡住宅ローンセンター,静岡県静岡市葵区紺屋町3番地の10,"0120-303-420
            
            
               / 
              054-253-6154",静岡県
沼津支店,静岡県沼津市大手町3-4-5わたやすビル3階,"0120-800-645
            
            
               / 
              055-962-3101",静岡県
星ヶ丘支店,愛知県名古屋市千種区井上町106番地,"0120-177-272
            
            
               / 
              052-307-8855",愛知県
名古屋駅前支店・名駅南支店（店番：659・店番：640）,愛知県名古屋市中村区名駅3丁目26番8号,"0120-088-659
            
            
               / 
              052-551-6141",愛知県
名古屋営業部・名古屋栄支店（店番：460・店番：650）,愛知県名古屋市中区栄3丁目15番33号,"0120-033-460
            
            
               / 
              052-242-7311",愛知県
名古屋住宅ローンセンター,愛知県名古屋市中区栄3丁目15番33号（名古屋営業部内）,"0120-033-460
            (平日のみご利用いただけます。)
            
               / 
              052-242-7331",愛知県
金山橋支店,愛知県名古屋市中区金山1丁目15番10号,"0120-477-654
            
            
               / 
              052-322-3391",愛知県
豊橋支店,愛知県豊橋市駅前大通1丁目135番地,"0120-335-637
            
            
               / 
              0532-55-3101",愛知県
豊橋住宅ローンセンター,愛知県豊橋市駅前大通1丁目135番地（豊橋支店内）,"0120-335-637
            (平日のみご利用いただけます。)",愛知県
岡崎支店,愛知県岡崎市康生通西3丁目16番地康生ビル1階,"0120-765-649
            
            
               / 
              0564-23-5588",愛知県
一宮支店,愛知県一宮市栄3丁目7番15号,"0120-528-662
            
            
               / 
              0586-73-0116",愛知県
四日市支店,三重県四日市市諏訪町5番4号,"0120-549-666
            
            
               / 
              059-351-1535",三重県
大津支店,滋賀県大津市梅林1丁目3番10号,"0120-818-763
            
            
               / 
              077-525-3341",滋賀県
京都支店・京都四条支店（店番：710・店番：761）,京都府京都市下京区烏丸通四条下ル水銀屋町612番地,"0120-066-882
            
            
               / 
              075-211-7111",京都府
京都住宅ローンセンター,京都府京都市下京区烏丸通四条下ル水銀屋町612番地（京都支店内）,075-212-6836,京都府
阿倍野橋支店・あべの支店（店番：140・店番：244）,大阪府大阪市阿倍野区阿倍野筋1丁目6番1号,"0120-062-128
            
            
               / 
              06-6632-2121",大阪府
梅田支店・阪急梅田支店（店番：150・店番：253）,大阪府大阪市北区角田町8番47号,"0120-711-151
            
            
               / 
              06-6315-1151",大阪府
梅田住宅ローンセンター,大阪府大阪市北区角田町8番47号（梅田支店内）,"0120-416-046
            
            
               / 
              06-6315-1245",大阪府
大阪ローン営業部,大阪府大阪市北区角田町8番47号　阪急グランドビル,"0120-664-833
            
            
               / 
              06-6315-1155",大阪府
大阪本店営業部・大阪中央支店（店番：020・店番：251）,大阪府大阪市中央区北浜4丁目5番33号,"0120-288-733
            
            
               / 
              06-6220-2121",大阪府
難波支店・難波中央支店（店番：220・店番：252）,大阪府大阪市中央区難波5丁目1番60号,"0120-044-220
            
            
               / 
              06-6633-6331",大阪府
難波住宅ローンセンター,大阪府大阪市中央区難波5丁目1番60号,"0120-038-220
            
            
               / 
              06-6633-6330",大阪府
堺支店,大阪府堺市堺区三国ヶ丘御幸通59番地2,"0120-161-761
            
            
               / 
              072-233-1761",大阪府
コンサルプラザ泉ヶ丘（堺支店 泉北出張所）,大阪府堺市南区茶山台1丁2番3号,0120-524-189,大阪府
千里中央支店,大阪府豊中市新千里東町1丁目1番3号,"0120-414-317
            
            
               / 
              06-6873-2121",大阪府
豊中支店,大阪府豊中市本町1丁目1番1号,"0120-410-602
            
            
               / 
              06-6841-1110",大阪府
池田支店,大阪府池田市呉服町1番1－134号,"0120-875-255
            
            
               / 
              072-753-3181",大阪府
高槻支店,大阪府高槻市紺屋町5番20号,"0120-114-873
            
            
               / 
              072-684-0001",大阪府
枚方支店・京阪枚方支店（店番：290・店番：256）,大阪府枚方市岡東町13番20号,"0120-431-049
            
            
               / 
              072-846-2131",大阪府
茨木支店,大阪府茨木市双葉町2番30号,"0120-115-341
            
            
               / 
              072-632-3711",大阪府
八尾支店,大阪府八尾市東本町3丁目6番8号,"0120-063-980
            
            
               / 
              072-992-6111",大阪府
神戸支店・神戸三宮支店（店番：750・店番：762）,兵庫県神戸市中央区御幸通8丁目1番6号,"0120-113-569
            
            
               / 
              078-231-2311",兵庫県
神戸住宅ローンセンター,兵庫県神戸市中央区御幸通8丁目1番6号（神戸支店内）,"0120-231-016
            
            
               / 
              078-231-2329",兵庫県
コンサルプラザ西神中央（神戸支店　西神中央出張所）（店番：750）,兵庫県神戸市西区糀台5丁目9番4号,"0120-776-522
            
            
               / 
              078-997-0431",兵庫県
姫路支店,兵庫県姫路市駅前町252番地,"0120-166-780
            
            
               / 
              079-289-2011",兵庫県
塚口支店,兵庫県尼崎市塚口町1丁目15番1,"0120-200-764
            
            
               / 
              06-6423-1101",兵庫県
明石支店,兵庫県明石市東仲ノ町5番28号,"0120-009-320
            
            
               / 
              078-917-2311",兵庫県
西宮支店,兵庫県西宮市高松町5番39号,"0120-243-840
            
            
               / 
              0798-66-3122",兵庫県
芦屋支店,兵庫県芦屋市船戸町5番2号,"0120-134-189
            
            
               / 
              0797-25-0311",兵庫県
川西支店,兵庫県川西市中央町7番18号,"0120-353-807
            
            
               / 
              072-757-2361",兵庫県
奈良西大寺支店,奈良県奈良市西大寺東町2丁目1番50号,"0120-580-800
            
            
               / 
              0742-34-1171",奈良県
コンサルプラザ学園前（奈良西大寺支店　学園前出張所）（店番：720）,奈良県奈良市学園北1丁目1番1号ル・シエル学園前 北ビル2階,"0120-853-338
            
            
               / 
              0742-49-2031",奈良県
和歌山支店,和歌山県和歌山市東蔵前丁3番17,"0120-319-391
            
            
               / 
              073-431-9391",和歌山県
和歌山住宅ローンセンター,和歌山県和歌山市東蔵前丁3番17（和歌山支店内）,"0120-319-391
            
            
               / 
              073-431-9391",和歌山県
鳥取支店,鳥取県鳥取市今町1丁目103番地,"0120-014-874
            
            
               / 
              0857-27-6831",鳥取県
岡山支店・岡山中央支店（店番：810・店番：873),岡山県岡山市北区駅元町1番5号,"0120-335-278
            
            
               / 
              086-231-2121",岡山県
岡山住宅ローンセンター,岡山県岡山市北区駅元町1番5号（岡山支店内）,"0120-717-873
            
            
               / 
              086-225-3105",岡山県
広島支店・広島中央支店（店番：872・店番：820）,広島県広島市中区紙屋町1丁目2番22号,"0120-626-872
            
            
               / 
              082-247-9251",広島県
広島住宅ローンセンター,広島県広島市中区紙屋町1丁目2番22号（広島支店内）,"0120-626-872
            
            
               / 
              082-247-9256",広島県
福山支店,広島県福山市元町15番1号,"0120-107-789
            
            
               / 
              084-931-1101",広島県
山口防府支店,山口県防府市戎町1丁目4番24号,"0120-083-522
            
            
               / 
              0835-22-2300",山口県
高松支店,香川県高松市紺屋町9番地4,"0120-889-871
            
            
               / 
              087-851-3131",香川県
松山支店,愛媛県松山市三番町4丁目11番地の1,"0120-087-418
            
            
               / 
              089-932-2211",愛媛県
松山住宅ローンセンター,愛媛県松山市三番町4丁目11番地の1（松山支店内）,"0120-087-418
            
            
               / 
              089-932-2211",愛媛県
北九州支店,福岡県北九州市小倉北区京町3丁目7番1号,"0120-700-972
            
            
               / 
              093-521-0531",福岡県
北九州住宅ローンセンター,福岡県北九州市小倉北区京町3丁目7番1号（北九州支店内）,"0120-700-972
            
            
               / 
              093-541-2218",福岡県
福岡支店・福岡天神支店（店番：910・店番：971）,福岡県福岡市中央区天神2丁目12番1号　天神ビル,"0120-004-050
            
            
               / 
              092-781-1531",福岡県
福岡住宅ローンセンター,福岡県福岡市中央区天神2丁目12番1号　天神ビル4F （福岡支店内）,"0120-888-086
            
            
               / 
              092-781-1540",福岡県
佐賀支店,佐賀県佐賀市駅前中央1丁目13番20佐賀駅前ノースフロントビルディング2階,"0120-051-687
            
            
               / 
              0952-43-3503",佐賀県
熊本支店・熊本中央支店（店番：920・店番：840）,熊本県熊本市中央区手取本町2番5号,"0120-381-141
            
            
               / 
              096-355-3211",熊本県
大分支店,大分県大分市中央町1丁目3番23号,"0120-669-973
            
            
               / 
              097-537-3141",大分県
大分住宅ローンセンター,大分県大分市中央町1丁目3番23号（大分支店内）,"0120-669-973
            
            
               / 
              097-537-1546",大分県
鹿児島支店,鹿児島県鹿児島市金生町7番8－101号,"0120-271-136
            
            
               / 
              099-227-1131",鹿児島県
